sku,product,url,field,before,after,reason
TBS-021,White Printed Burger Sleeves,/product/white-printed-burger-sleeves/,shortDescriptionHtml,"White ink printing on dark kraft backgrounds creates dramatic reverse effects that capture attention immediately. White printed burger sleeves stand out visually while communicating modern, design forward brand positioning. The unique aesthetic differentiates your packaging from standard black-on-white printing competitors use. This technique works brilliantly for contemporary restaurants wanting distinctive packaging that customers notice and remember.
<p>Enjoy free USA delivery on all purchases with competitive wholesale rates. Opaque white ink coverage ensures crisp legibility against brown kraft surfaces. Customize with minimalist designs or detailed graphics that leverage the striking color contrast. Quality printing technology prevents ink cracking or peeling during handling. Multiple dimension options accommodate your burger varieties. Reach out for personalized quotes or start your order for rapid turnaround and guaranteed timely shipment.</p>","<p>White printed burger sleeves put artwork onto a bright white stock, where an even ground lets printed colour land close to the approved reference. The bright surface suits detailed layouts and small text such as allergen information, and it reports handling marks more readily than an unbleached board does, so a barrier option is worth discussing for saucier menus. Multiple dimension options accommodate your burger varieties. Free USA delivery on all purchases with competitive wholesale rates. Reach out for personalized quotes or start your order.</p>",Decision 1. Claimed white ink reverse-printed on dark kraft. All five product images and the specification table show coloured artwork on a white stock. Rewritten to the product the evidence shows.
TBS-014,Food Grade Burger Sleeves,/product/food-grade-burger-sleeves/,shortDescriptionHtml,"<p>Quality cardboard meets strict FDA regulations for direct food contact applications. Food grade burger sleeves are manufactured using certified safe materials that contain no harmful chemicals or toxins. The approved inks and coatings ensure nothing transfers to food during storage or serving. Health conscious establishments require packaging that prioritizes customer safety alongside functionality and aesthetics.</p><p>Available in standard and custom sizes with fast turnaround times guaranteed. At The Burger Sleeves, design with confidence knowing all materials comply with food safety standards. Free USA delivery included on all orders. Customize with your branding using food safe printing processes and approved color systems. Reliable performance during service hours without compromising health requirements. Get your free quote immediately or order now for efficient production and prompt shipment.</p>","<p>Food grade burger sleeves are specified around direct food contact, using food-contact suitable paper stock and approved ink sets with low-migration options available. Ink is kept off the food-facing side, and neutral pulp papers are chosen to limit odour transfer to warm items. Material, ink, coating and supplier documentation should be confirmed in writing for the exact construction you order, since suitability is a property of the finished build rather than of a product category. Available in standard and custom sizes. Free USA delivery included on all orders. Get your free quote or order now.</p>","Decision 10. Claimed the board ""meets strict FDA regulations"" and uses ""certified safe materials"". No approval, certification or supporting document exists in the WooCommerce export, the specification table or any supplied file. Replaced with the qualified position the page body already takes."
TBS-041,Burger and Fries Sleeves,/product/burger-and-fries-sleeves/,shortDescriptionHtml,"<p>Burger and fries sleeves offer convenient combo packaging that keeps complete meals organized and easy to carry. The innovative design holds both burgers and fries in one compact sleeve, reducing packaging waste while improving customer convenience. Ideal for drive-through service, sports venues, and busy quick service restaurants where speed matters. This space saving solution streamlines food assembly and enhances takeout efficiency during peak hours.</p><p>At The Burger Sleeves, customize with full color branding that promotes your combo deals and value meals. Strong cardboard material supports the weight of full combo orders without bending or breaking. Order starts at 100 pieces with attractive wholesale rates. Contact us now for immediate pricing or submit your order for quick manufacturing and dependable shipment to your business. No delivery fees applied across the United States.</p>","<p>Burger and fries sleeves are sleeve packaging planned around combo-order service, where a burger and a side leave the counter together in one bag. The sleeve holds the wrap closed and gives a clean grip while the fries travel in their own container, so the pair can be assembled and bagged quickly without the two items marking each other. Ideal for drive-through service, sports venues, and busy quick service restaurants where speed matters. Customize with full color branding that promotes your combo deals and value meals. Order starts at 100 pieces with attractive wholesale rates. No delivery fees applied across the United States.</p>","Decision 12. Claimed the design ""holds both burgers and fries in one compact sleeve"". All four product images show a single-burger sleeve or wrap; no compartment, divider, fry pocket or dual cavity appears in any image or in any specification field. Structural claim removed; repositioned as sleeve packaging for combo-order workflows."
TBS-006,Eco Friendly Burger Sleeves,/product/eco-friendly-burger-sleeves/,shortDescriptionHtml,"<p>Eco friendly burger sleeves combine biodegradable materials with compostable coatings that break down naturally without harming the environment. At The Burger Sleeves, design with earth tone colors and green branding that highlights your commitment to the planet. Made from sustainably sourced fibers, these sleeves appeal to green conscious diners who prioritize planet-friendly dining choices.</p><p>Start ordering with minimum quantities of 100 pieces at budget-friendly wholesale rates. The plant based construction decomposes in commercial composting facilities within weeks rather than persisting for decades like plastic alternatives. Durable construction handles greasy burgers effectively despite being environmentally gentle. Request your free quote today or order now for efficient manufacturing and guaranteed on-time arrival with fast turnaround times.</p>","<p>Eco friendly burger sleeves are a material-selection option built around kraft and recycled content board, with grease resistant and barrier coat choices and natural matte or coated finishes. The practical levers are right-sizing the sleeve to the build, keeping print coverage down and avoiding coatings the menu does not need. Disposal depends on the paperboard, any coatings or adhesives applied, food residue and what local facilities accept, so recycled content and recyclability should be confirmed separately for the specification you order. Start ordering with minimum quantities of 100 pieces at budget-friendly wholesale rates. Request your free quote today.</p>","Decision 6. Claimed biodegradable materials, compostable coatings, decomposition ""in commercial composting facilities within weeks"", plant-based construction and sustainably sourced fibres. The specification offers only ""designed around responsible packaging preferences"" with kraft and recycled board options. Every degradation and certification claim removed."
TBS-003,Paper Burger Sleeves,/product/paper-burger-sleeves/,shortDescriptionHtml,"<p>Paper burger sleeves offer lightweight, economical packaging made from renewable resources that biodegrade naturally after use. The paper based construction provides adequate grease resistance while maintaining environmental responsibility. Businesses committed to reducing plastic waste appreciate this sustainable alternative that performs well during typical service conditions. The eco friendly material appeals to conscious consumers seeking restaurants that align with their environmental values and sustainability priorities.</p><p>Enjoy no cost delivery anywhere in the USA. At The Burger Sleeves, personalize with vibrant custom printing that showcases your commitment to sustainability alongside your branding. Food-safe paper stock meets health regulations and customer expectations. Available in multiple sizes with fast production schedules. Reach out for immediate pricing details or begin your order now for efficient manufacturing and prompt shipment to your location.</p>","<p>Paper burger sleeves offer lightweight, economical paperboard packaging for burger and sandwich service. The paper based construction provides grease resistant options that reduce soak and surface marks during typical service conditions, and the format is usually specified to sit over an inner wrap rather than against the food. Disposal depends on the board, any barrier coating applied, ink coverage and local collection rules. Enjoy no cost delivery anywhere in the USA. At The Burger Sleeves, personalize with vibrant custom printing alongside your branding. Available in multiple sizes. Reach out for immediate pricing details or begin your order now.</p>","Decision 6. Claimed the material is ""made from renewable resources that biodegrade naturally after use"", a ""sustainable alternative"" and an ""eco friendly material"", and that the stock ""meets health regulations"". None is supported by the specification, which describes paperboard construction and coating options only."
TBS-005,Recycled Burger Sleeves,/product/recycled-burger-sleeves/,shortDescriptionHtml,"<p>Free shipping throughout the USA on all orders with attractive wholesale pricing. Recycled burger sleeves demonstrate your commitment to environmental stewardship by using post consumer recycled cardboard materials. Quality recycled cardboard performs reliably during service without compromising on strength. These sleeves reduce landfill waste while delivering the same protective qualities as virgin paper products.</p><p>The recycled content gives packaging a unique, textured appearance that communicates your green business practices to customers. Choose from various sizes and coating finishes to match your requirements. Customize with eco messaging and nature-inspired designs that reinforce your sustainability story. Get instant pricing now or place your order for quick production and timely delivery that aligns with your environmental goals.</p>","<p>Free shipping throughout the USA on all orders with attractive wholesale pricing. Recycled burger sleeves are built using recycled content where it suits sleeve board, in recycled kraft or recycled paperboard, and perform reliably during service. The recycled content gives packaging a slightly speckled, textured appearance and a wider batch-to-batch shade variation than virgin board. Recycled content and recyclability are separate questions: ask your supplier to document the content figure for the board supplied, and check disposal against any coating applied and your local facilities. Choose from various sizes and coating finishes to match your requirements. Get instant pricing now or place your order.</p>","Decision 6. Claimed ""post consumer recycled cardboard materials"" and framed recycled content as reduced landfill waste. The specification states only ""built using recycled content where suitable for sleeve board"" — no percentage and no post-consumer split is documented."
TBS-001,Kraft Burger Sleeves,/product/kraft-burger-sleeves/,shortDescriptionHtml,"<p>Natural brown kraft material communicates environmental consciousness while delivering reliable grease resistance and structural strength. Kraft burger sleeves appeal to customers seeking authentic, eco friendly dining experiences from responsible businesses. The organic appearance complements farm-fresh ingredients and artisanal preparation methods beautifully. This earthy packaging choice aligns perfectly with sustainable restaurant values and messaging.</p><p>Customize with colorful designs that pop against the neutral kraft background. Free shipping throughout the United States included on every order. At The Burger Sleeves, choose from various coating options and custom sizing specifications. The natural fiber content provides biodegradable disposal that reduces environmental impact. Start ordering with just 100 pieces. Contact our team for immediate pricing details or place your order now for fast production and reliable delivery schedules.</p>","<p>Natural brown kraft material delivers reliable grease resistance and structural strength, in absorbent or barrier builds across a 250 to 400 GSM band. Kraft burger sleeves suit an unpolished, paper-forward presentation, and the warm ground is forgiving of handling marks that would show on a bright board. The organic appearance complements farm-fresh ingredients and artisanal preparation methods. Kraft describes how the pulp was made rather than where the fibre came from, so recycled content and disposal options should be confirmed for the board you order. Customize with colorful designs that pop against the neutral kraft background. Free shipping throughout the United States included on every order. Start ordering with just 100 pieces.</p>","Decision 6. Claimed the material ""communicates environmental consciousness"", aligns with ""sustainable restaurant values"" and that ""natural fiber content provides biodegradable disposal"". Kraft describes an unbleached pulping process and implies nothing about fibre source or disposal."
TBS-004,Corrugated Burger Sleeves,/product/corrugated-burger-sleeves/,shortDescriptionHtml,"<p>Corrugated burger sleeves feature layered construction that delivers superior insulation and structural strength for demanding food service applications. The fluted middle layer creates air pockets that keep burgers warmer longer while protecting hands from heat. Extra rigidity prevents crushing during transport and delivery, making these ideal for takeout and catering operations. The robust build quality handles rough handling and stacking better than standard single ply options.</p><p>Free shipping across the United States included with every order. Customize with bold, impactful designs on the textured corrugated surface. Premium material ensures your burgers arrive intact and appetizing. Multiple sizing choices accommodate your complete menu range. Contact our team for personalized quotes or place your order today for rapid production and dependable delivery that elevates your packaging standards.</p>","<p>Corrugated burger sleeves use a layered construction for added structural strength in demanding food service. The specification offers E flute and F flute profiles, single face constructions and stiffer flute grades with a print grade outer liner, which add rigidity and resist bending during transport and stacking. Flute profile, finished caliper and any barrier treatment should be confirmed at quotation, and a physical sample of the exact construction is worth approving before a run. Free shipping across the United States included with every order. Customize with bold, impactful designs on the outer liner. Multiple sizing choices accommodate your complete menu range. Contact our team for personalized quotes.</p>","Decision 7. Claimed ""superior insulation"", that air pockets ""keep burgers warmer longer"" and that the build protects ""hands from heat"". No thermal data exists in any supplied field. Performance claims removed; flute options retained as specification items."
TBS-029,Kraft Brown Burger Sleeves,/product/kraft-brown-burger-sleeves/,shortDescriptionHtml,"<p>Kraft brown burger sleeves deliver an authentic, eco conscious look that resonates with environmentally aware customers. The natural brown tone communicates sustainability while the sturdy kraft material provides excellent grease resistance. This earthy aesthetic suits organic burger joints, farm to table restaurants, and brands emphasizing natural ingredients. The rustic appearance creates warm, approachable packaging that customers trust and remember.</p>
Free delivery across America included with all purchases. Design with custom branding that pops against the natural kraft background using bold colors and creative layouts. Moisture proof coating keeps packaging intact during service hours. Different size options available with fast turnaround times guaranteed. Contact our team now for immediate pricing details or submit your order for efficient manufacturing and prompt arrival at your business.","<p>Kraft brown burger sleeves deliver an authentic, unbleached look that suits casual food presentation. The natural brown tone reads as warm and approachable, while the sturdy kraft material provides grease resistance with barrier coated options where the menu needs them. This earthy appearance suits organic burger joints, farm to table restaurants, and brands emphasizing natural ingredients. Batch to batch shade variation is normal in unbleached board rather than a defect, so retain an approved sample if close consistency matters. Free delivery across America included with all purchases. Design with custom branding that pops against the natural kraft background. Different size options available.</p>","Decision 6. Claimed the tone ""communicates sustainability"" and that a ""moisture proof coating keeps packaging intact"". Neither is supported; the specification offers grease resistant and barrier coated options, which slow rather than stop moisture."
TBS-026,Jumbo Burger Sleeves,/product/jumbo-burger-sleeves/,specRows,"FDA-compliant, Direct food-contact safe materials",Food-contact suitable materials; confirm documentation for the specification ordered,"Decision 6. ""FDA-compliant"" asserts a regulatory status no supplied document establishes."
TBS-026,Jumbo Burger Sleeves,/product/jumbo-burger-sleeves/,specRows,"Safe inks and coatings, Full regulatory compliance",Ink and coating options for food packaging; compliance to be confirmed per specification,"Decision 6. ""Full regulatory compliance"" is an unqualified certification claim."
TBS-026,Jumbo Burger Sleeves,/product/jumbo-burger-sleeves/,specRows,"Meets FDA food packaging standards, Soy-based inks available, Quality tested",Soy-based inks available; supplier documentation to be confirmed for the chosen build,"Decision 6. Removes the FDA standards claim and the unqualified ""quality tested""."
TBS-026,Jumbo Burger Sleeves,/product/jumbo-burger-sleeves/,specRows,"Food-safe grease barrier finish, Leak-proof coating",Grease barrier finish options; a barrier slows oil migration and does not make a sleeve leakproof,"Decision 6. ""Leak-proof coating"" is contradicted by every other page in the catalogue and by the material."
TBS-026,Jumbo Burger Sleeves,/product/jumbo-burger-sleeves/,specRows,"No oil bleed-through, Keeps hands clean, Stain-free exterior, Sauce-resistant surface",Reduces oil bleed-through and surface staining; an inner wrap remains the primary barrier on sauced builds,"Decision 6. ""No oil bleed-through"" and ""stain-free"" are absolute guarantees the material cannot support."
TBS-026,Jumbo Burger Sleeves,/product/jumbo-burger-sleeves/,specRows,"12pt – 18pt food-grade cardboard, Grease-resistant inner coating standard","12pt – 18pt paperboard, grease-resistant inner coating standard","Decision 6. ""Food-grade"" used as a property claim; the caliper range is retained as supplied."
TBS-006,Eco Friendly Burger Sleeves,/product/eco-friendly-burger-sleeves/,image alt (Biodegradable-Burger-Sleeve.jpg),Biodegradable Burger Sleeve,Burger held in a checked greaseproof paper wrap,Decision 6. The image is a gingham greaseproof wrap sheet; nothing in it evidences biodegradability.
TBS-006,Eco Friendly Burger Sleeves,/product/eco-friendly-burger-sleeves/,image alt (Cafe-Eco-Friendly-Burger-Sleeve.jpg),Cafe Eco Friendly Burger Sleeve,Burger sleeve on a cafe counter,Decision 6. Removes an environmental claim from alt text describing a counter photograph.
TBS-006,Eco Friendly Burger Sleeves,/product/eco-friendly-burger-sleeves/,image alt (Eco-Friendly-Burger-Sleeve.jpg),Eco Friendly Burger Sleeve,Kraft burger sleeve around a wrapped burger,Decision 6. Alt text described a claim rather than the visible image.
TBS-037,Cafe Burger Sleeves,/product/cafe-burger-sleeves/,image alt (Eco-Friendly-Cafe-Burger-Sleeve.jpg),Eco Friendly Cafe Burger Sleeve,Burger sleeve served at a cafe table,Decision 6. Environmental claim removed from alt text.
TBS-040,Event Burger Sleeves,/product/event-burger-sleeves/,image alt (Recyclable-Event-Burger-Sleeve.jpg),Recyclable Event Burger Sleeve,Printed burger sleeve at an event serving station,"Decision 6. ""Recyclable"" is a disposal outcome that depends on local facilities and cannot be asserted in alt text."
TBS-005,Recycled Burger Sleeves,/product/recycled-burger-sleeves/,image alt (Speckled-Recycled-Burger-Sleeve.jpg),Speckled Recycled Burger Sleeve,Printed paper food bags holding a hot dog,"Decision 9. The image shows foil-lined printed bags with a hot dog, not a speckled recycled burger sleeve."
TBS-005,Recycled Burger Sleeves,/product/recycled-burger-sleeves/,image alt (Modern-Recycled-Burger-Sleeve.jpg),Special Sleeves Uses,Recycled board burger sleeve,"Decision 9. Alt text read ""Special Sleeves Uses"", a category name unrelated to the image."
TBS-044,Fast Food Sleeves Packaging,/product/fast-food-sleeves-packaging/,image alt (burger-sleeves-packaging.jpg),Burger Sleeves Materials,Printed fast food sleeves stacked for service,"Decision 13. Alt text read ""Burger Sleeves Materials"", a category name that mislabels a fast-food image."
TBS-043,Burger Sandwich Sleeves,/product/burger-sandwich-sleeves/,image alt (Logo-Printed-Burger-Sandwich-Sleeves.jpg),Logo Printed Burger Sleeves,Logo printed burger sandwich sleeve,"Decision 13. Alt text read ""Logo Printed Burger Sleeves"", naming the wrong product."
TBS-012,Disposable Burger Sleeves,/product/disposable-burger-sleeves/,shortDescriptionHtml,Made from biodegradable materials that reduce environmental guilt associated with disposables.,"Absorbent paper takes up surface oils so the hold area stays dry through a short service; disposal depends on the stock, any barrier applied, food residue and local facilities.","Decision 6. Claimed the sleeves are ""made from biodegradable materials"". The specification lists kraft or white paper and absorbent stock with an optional barrier; nothing addresses degradation."
TBS-026,Jumbo Burger Sleeves,/product/jumbo-burger-sleeves/,shortDescriptionHtml,"printed on food-safe, grease-resistant cardboard","printed on food-contact grade, grease-resistant cardboard","Decision 6. ""Food-safe"" used as a bare property claim. Replaced with the commercial grade descriptor, which names the class of stock without asserting a certification."
TBS-012,Disposable Burger Sleeves,/product/disposable-burger-sleeves/,specRows,Food-safe paper,Food-contact grade paper,"Decision 6. Bare safety or sustainability wording in a specification cell, replaced with a descriptor that names the grade without asserting a certification or an environmental property."
TBS-013,Grease Resistant Burger Sleeves,/product/grease-resistant-burger-sleeves/,specRows,Food-safe barrier,Food-contact grade barrier,"Decision 6. Bare safety or sustainability wording in a specification cell, replaced with a descriptor that names the grade without asserting a certification or an environmental property."
TBS-013,Grease Resistant Burger Sleeves,/product/grease-resistant-burger-sleeves/,specRows,Direct contact safe materials,Materials offered for direct contact; confirm per specification,"Decision 6. Bare safety or sustainability wording in a specification cell, replaced with a descriptor that names the grade without asserting a certification or an environmental property."
TBS-014,Food Grade Burger Sleeves,/product/food-grade-burger-sleeves/,specRows,Food-safe paper stock,Food-contact grade paper stock,"Decision 6. Bare safety or sustainability wording in a specification cell, replaced with a descriptor that names the grade without asserting a certification or an environmental property."
TBS-044,Fast Food Sleeves Packaging,/product/fast-food-sleeves-packaging/,specRows,Food safe paper stocks,Food-contact grade paper stocks,"Decision 6. Bare safety or sustainability wording in a specification cell, replaced with a descriptor that names the grade without asserting a certification or an environmental property."
TBS-006,Eco Friendly Burger Sleeves,/product/eco-friendly-burger-sleeves/,specRows,Sustainability Focus,Material Focus,"Decision 6. Bare safety or sustainability wording in a specification cell, replaced with a descriptor that names the grade without asserting a certification or an environmental property."
TBS-026,Jumbo Burger Sleeves,/product/jumbo-burger-sleeves/,specRows,"White Cardboard, Brown Kraft, Recycled Food-grade Board, Bleached Paperboard","White cardboard, brown kraft, recycled food-contact grade board, bleached paperboard","Decision 6. Bare safety or sustainability wording in a specification cell, replaced with a descriptor that names the grade without asserting a certification or an environmental property."
TBS-026,Jumbo Burger Sleeves,/product/jumbo-burger-sleeves/,specRows,"Aqueous coating, Grease-proof lamination, Food-safe UV coating","Aqueous coating, grease-resistant lamination, UV coating for food packaging","Decision 6. Bare safety or sustainability wording in a specification cell, replaced with a descriptor that names the grade without asserting a certification or an environmental property."
TBS-026,Jumbo Burger Sleeves,/product/jumbo-burger-sleeves/,specRows,Food Safety,Food Contact,"Decision 6. Bare safety or sustainability wording in a specification cell, replaced with a descriptor that names the grade without asserting a certification or an environmental property."
SITE,sitewide,(global data file),"site-faqs.json — ""Are the burger sleeves food-safe?""",Absolutely. All our materials are food-grade and comply with FDA and EU food contact regulations. We use only approved inks and coatings.,"Food-contact grade materials and approved ink sets are available, and ink is kept off the food-facing side. Suitability depends on the specific board, coating and inks in your build rather than on the product category, so ask us to confirm the intended contact type in writing for the exact specification you order.","Decision 6/10. Claimed compliance with FDA and EU food contact regulations. No certification or supporting document exists in any supplied file, and the claim also fed the sitewide FAQPage schema."
SITE,sitewide,(global data file),homepage.json — why.cards[7].text,Biodegradable and recyclable materials available for environmentally conscious businesses.,"Kraft and recycled content board options available; disposal depends on coatings, food residue and local facilities.",Decision 6. Asserted biodegradability and recyclability sitewide on the homepage.
SITE,sitewide,(global data file),homepage.json — why.cards[7].title,Eco-Friendly Options,Lower-Impact Options,Decision 6. Card title asserted an environmental property as a product category.
SITE,sitewide,(global data file),homepage.json — materials.html (Kraft Paper row),"Natural, eco-friendly appearance with excellent strength",Natural unbleached appearance with excellent strength,"Decision 6. ""Eco-friendly appearance"" implies an environmental property from a visual one."
SITE,sitewide,(global data file),categories.json — burger-sleeves-materials metaDescription,"Explore premium burger sleeve materials: eco-friendly kraft paper, greaseproof, and custom printed options. Durable packaging for your restaurant!","Explore burger sleeve materials: unbleached kraft paper, greaseproof board, corrugated and custom printed options. Durable packaging for your restaurant.","Decision 6. ""Eco-friendly kraft paper"" asserts an environmental property of a material."
