source_url,source_product,destination_url,destination_page,anchor_text,section_heading,link_shape,status
https://theburgersleeves.com/product/black-burger-sleeves/,Black Burger Sleeves,https://theburgersleeves.com/product/matte-finish-burger-sleeves/,Matte Finish Burger Sleeves,low-sheen surface that plays down handling marks,"Scuffing, Fingerprints And What Black Shows",product+product+product,200
https://theburgersleeves.com/product/black-burger-sleeves/,Black Burger Sleeves,https://theburgersleeves.com/product/black-printed-burger-sleeves/,Black Printed Burger Sleeves,heavy black ink coverage laid onto light paperboard,Preparing Artwork For A Black Sleeve,product+product+product,200
https://theburgersleeves.com/product/black-burger-sleeves/,Black Burger Sleeves,https://theburgersleeves.com/product/white-burger-sleeves/,White Burger Sleeves,a bright board that carries small text cleanly,Where Black Sleeves Fit A Menu,product+product+product,200
https://theburgersleeves.com/product/black-printed-burger-sleeves/,Black Printed Burger Sleeves,https://theburgersleeves.com/product/black-burger-sleeves/,Black Burger Sleeves,the board itself is dark rather than the ink,"One Ink, Light Board, No Registration",product+product+product+product,200
https://theburgersleeves.com/product/black-printed-burger-sleeves/,Black Printed Burger Sleeves,https://theburgersleeves.com/product/kraft-burger-sleeves/,Kraft Burger Sleeves,kraft board and how its fibre behaves under ink,What The Board Underneath Changes,product+product+product+product,200
https://theburgersleeves.com/product/black-printed-burger-sleeves/,Black Printed Burger Sleeves,https://theburgersleeves.com/product/minimal-design-burger-sleeves/,Minimal Design Burger Sleeves,layouts that assign panel space by priority,The Cost Argument For Single-Colour Work,product+product+product+product,200
https://theburgersleeves.com/product/black-printed-burger-sleeves/,Black Printed Burger Sleeves,https://theburgersleeves.com/product/street-food-burger-sleeves/,Street Food Burger Sleeves,traders working from stalls and markets,Menus Where One Ink Is The Right Answer,product+product+product+product,200
https://theburgersleeves.com/product/branded-burger-sleeves/,Branded Burger Sleeves,https://theburgersleeves.com/product/full-color-burger-sleeves/,Full Color Burger Sleeves,process printing and the substrate it depends on,A Sleeve Is One Item In A Set,product+product+product+product,200
https://theburgersleeves.com/product/branded-burger-sleeves/,Branded Burger Sleeves,https://theburgersleeves.com/product/food-truck-burger-sleeves/,Food Truck Burger Sleeves,sleeves specified for mobile units,Holding A Brand Together Across Locations,product+product+product+product,200
https://theburgersleeves.com/product/branded-burger-sleeves/,Branded Burger Sleeves,https://theburgersleeves.com/product/minimal-design-burger-sleeves/,Minimal Design Burger Sleeves,restrained layouts built around negative space,Evergreen Packaging Versus Campaign Packaging,product+product+product+product,200
https://theburgersleeves.com/product/branded-burger-sleeves/,Branded Burger Sleeves,https://theburgersleeves.com/product/cafe-burger-sleeves/,Cafe Burger Sleeves,how packaging behaves across mixed dine-in and takeaway service,Using Packaging To Identify Menu Items,product+product+product+product,200
https://theburgersleeves.com/product/cafe-burger-sleeves/,Cafe Burger Sleeves,https://theburgersleeves.com/product/matte-finish-burger-sleeves/,Matte Finish Burger Sleeves,a low-sheen surface that sits quietly next to other packaging,Matching Sleeves To Cups And Bags,product+product+product,200
https://theburgersleeves.com/product/cafe-burger-sleeves/,Cafe Burger Sleeves,https://theburgersleeves.com/product/branded-burger-sleeves/,Branded Burger Sleeves,how a sleeve sits within a wider brand system,Low Volume Changes The Ordering Maths,product+product+product,200
https://theburgersleeves.com/product/cafe-burger-sleeves/,Cafe Burger Sleeves,https://theburgersleeves.com/product/white-burger-sleeves/,White Burger Sleeves,a bright board that keeps food looking fresh under warm light,Choosing A Board For A Compact Counter,product+product+product,200
https://theburgersleeves.com/product/cardboard-burger-sleeves/,Cardboard Burger Sleeves,https://theburgersleeves.com/product-category/burger-sleeves-materials/,Burger Sleeves Materials,paperboard sleeve strength options,Cardboard Burger Sleeves For Strong Daily Protection,category+product+product+product,200
https://theburgersleeves.com/product/cardboard-burger-sleeves/,Cardboard Burger Sleeves,https://theburgersleeves.com/product/corrugated-burger-sleeves/,Corrugated Burger Sleeves,reinforced layer structure,Cardboard Burger Sleeves For Strong Daily Protection,category+product+product+product,200
https://theburgersleeves.com/product/cardboard-burger-sleeves/,Cardboard Burger Sleeves,https://theburgersleeves.com/product/kraft-burger-sleeves/,Kraft Burger Sleeves,kraft paper finish,Cardboard Sleeves That Keep Stations Consistent,category+product+product+product,200
https://theburgersleeves.com/product/cardboard-burger-sleeves/,Cardboard Burger Sleeves,https://theburgersleeves.com/product/paper-burger-sleeves/,Paper Burger Sleeves,paper based sleeve stock,Cardboard Sleeves That Keep Stations Consistent,category+product+product+product,200
https://theburgersleeves.com/product/corrugated-burger-sleeves/,Corrugated Burger Sleeves,https://theburgersleeves.com/product-category/burger-sleeves-materials/,Burger Sleeves Materials,structured sleeve material builds,Corrugated Burger Sleeves For Stronger Shape Hold,category+product+product+product,200
https://theburgersleeves.com/product/corrugated-burger-sleeves/,Corrugated Burger Sleeves,https://theburgersleeves.com/product/cardboard-burger-sleeves/,Cardboard Burger Sleeves,rigid sleeve support,Corrugated Burger Sleeves For Stronger Shape Hold,category+product+product+product,200
https://theburgersleeves.com/product/corrugated-burger-sleeves/,Corrugated Burger Sleeves,https://theburgersleeves.com/product/kraft-burger-sleeves/,Kraft Burger Sleeves,kraft outer surface,Corrugated Sleeves That Keep Orders Stable In Bags,category+product+product+product,200
https://theburgersleeves.com/product/corrugated-burger-sleeves/,Corrugated Burger Sleeves,https://theburgersleeves.com/product/paper-burger-sleeves/,Paper Burger Sleeves,lightweight paper stock,Corrugated Sleeves That Keep Orders Stable In Bags,category+product+product+product,200
https://theburgersleeves.com/product/custom-burger-sleeves/,Custom Burger Sleeves,https://theburgersleeves.com/product-category/burger-sleeves-sizes/,Burger Sleeves Sizes,the standard size bands already in the range,Measuring Before Anyone Draws Anything,category+product+category+page,200
https://theburgersleeves.com/product/custom-burger-sleeves/,Custom Burger Sleeves,https://theburgersleeves.com/product/die-cut-burger-sleeves/,Die Cut Burger Sleeves,"shaped tooling with tabs, locks and defined cut lines",Choosing Structure Against Assembly Time,category+product+category+page,200
https://theburgersleeves.com/product/custom-burger-sleeves/,Custom Burger Sleeves,https://theburgersleeves.com/product-category/burger-sleeves-materials/,Burger Sleeves Materials,the range of board and fibre choices available,Material And Barrier As One Decision,category+product+category+page,200
https://theburgersleeves.com/product/custom-burger-sleeves/,Custom Burger Sleeves,https://theburgersleeves.com/get-free-quote/,Get Free Quote,"the quotation form where dimensions, board and print are captured together",Getting A Quotation That Means Something,category+product+category+page,200
https://theburgersleeves.com/product/die-cut-burger-sleeves/,Die Cut Burger Sleeves,https://theburgersleeves.com/product/double-patty-burger-sleeves/,Double Patty Burger Sleeves,sleeve geometry sized for stacked two-patty builds,"Tabs, Slots And The Tolerance Problem",product+product+page+category,200
https://theburgersleeves.com/product/die-cut-burger-sleeves/,Die Cut Burger Sleeves,https://theburgersleeves.com/product/custom-burger-sleeves/,Custom Burger Sleeves,"a full bespoke specification covering board, print and structure together",Assembly Time Is A Real Cost,product+product+page+category,200
https://theburgersleeves.com/product/die-cut-burger-sleeves/,Die Cut Burger Sleeves,https://theburgersleeves.com/get-free-quote/,Get Free Quote,quotation stage where dimensions and structure are confirmed,Supplying And Approving The File,product+product+page+category,200
https://theburgersleeves.com/product/die-cut-burger-sleeves/,Die Cut Burger Sleeves,https://theburgersleeves.com/product-category/burger-sleeves-sizes/,Burger Sleeves Sizes,how the size range is already divided into bands,One Tool Or Several: The Question Behind The Cost,product+product+page+category,200
https://theburgersleeves.com/product/double-patty-burger-sleeves/,Double Patty Burger Sleeves,https://theburgersleeves.com/product/grease-resistant-burger-sleeves/,Grease Resistant Burger Sleeves,board treated to slow oil reaching the surface,Two Patties Double The Grease Load,product+product+product,200
https://theburgersleeves.com/product/double-patty-burger-sleeves/,Double Patty Burger Sleeves,https://theburgersleeves.com/product/jumbo-burger-sleeves/,Jumbo Burger Sleeves,the oversized format aimed at height alone,Compression And Whether It Recovers,product+product+product,200
https://theburgersleeves.com/product/double-patty-burger-sleeves/,Double Patty Burger Sleeves,https://theburgersleeves.com/product/die-cut-burger-sleeves/,Die Cut Burger Sleeves,structural sleeve forms with engineered tabs and locks,Holding A Heavy Burger Cleanly,product+product+product,200
https://theburgersleeves.com/product/eco-friendly-burger-sleeves/,Eco Friendly Burger Sleeves,https://theburgersleeves.com/product-category/burger-sleeves-materials/,Burger Sleeves Materials,eco focused sleeve materials,Eco Friendly Burger Sleeves That Match Daily Demand,category+product+product+product,200
https://theburgersleeves.com/product/eco-friendly-burger-sleeves/,Eco Friendly Burger Sleeves,https://theburgersleeves.com/product/recycled-burger-sleeves/,Recycled Burger Sleeves,recycled paper sleeve stock,Eco Friendly Burger Sleeves That Match Daily Demand,category+product+product+product,200
https://theburgersleeves.com/product/eco-friendly-burger-sleeves/,Eco Friendly Burger Sleeves,https://theburgersleeves.com/product/kraft-burger-sleeves/,Kraft Burger Sleeves,kraft paper surface look,Eco Sleeves That Fit Material Families,category+product+product+product,200
https://theburgersleeves.com/product/eco-friendly-burger-sleeves/,Eco Friendly Burger Sleeves,https://theburgersleeves.com/product/cardboard-burger-sleeves/,Cardboard Burger Sleeves,a stiffer paperboard build for heavier items,Eco Sleeves That Fit Material Families,category+product+product+product,200
https://theburgersleeves.com/product/event-burger-sleeves/,Event Burger Sleeves,https://theburgersleeves.com/product/burger-and-fries-sleeves/,Burger and Fries Sleeves,packaging designed to carry two items in one handoff,"Counting Guests, Not Orders",product+product+product,200
https://theburgersleeves.com/product/event-burger-sleeves/,Event Burger Sleeves,https://theburgersleeves.com/product/custom-burger-sleeves/,Custom Burger Sleeves,a bespoke specification agreed before each booking,Whose Brand Goes On The Sleeve,product+product+product,200
https://theburgersleeves.com/product/event-burger-sleeves/,Event Burger Sleeves,https://theburgersleeves.com/product/slider-burger-sleeves/,Slider Burger Sleeves,the mini format built for serving several items at once,Serving From More Than One Station,product+product+product,200
https://theburgersleeves.com/product/food-truck-burger-sleeves/,Food Truck Burger Sleeves,https://theburgersleeves.com/product/small-burger-sleeves/,Small Burger Sleeves,the compact format that stacks deeper in the same slot,How Much Space Does A Case Actually Take,product+product+product,200
https://theburgersleeves.com/product/food-truck-burger-sleeves/,Food Truck Burger Sleeves,https://theburgersleeves.com/product/grease-resistant-burger-sleeves/,Grease Resistant Burger Sleeves,stock specified to cope with heat-thinned fat,"Wind, Rain And Direct Sun",product+product+product,200
https://theburgersleeves.com/product/food-truck-burger-sleeves/,Food Truck Burger Sleeves,https://theburgersleeves.com/product/kraft-burger-sleeves/,Kraft Burger Sleeves,kraft stock with a single-colour mark,Ordering In Small Quantities On The Road,product+product+product,200
https://theburgersleeves.com/product/full-color-burger-sleeves/,Full Color Burger Sleeves,https://theburgersleeves.com/product/white-printed-burger-sleeves/,White Printed Burger Sleeves,artwork printed onto a white base,What Four-Colour Printing Assumes,product+product+product,200
https://theburgersleeves.com/product/full-color-burger-sleeves/,Full Color Burger Sleeves,https://theburgersleeves.com/product/gloss-finish-burger-sleeves/,Gloss Finish Burger Sleeves,a sealed high-shine face that holds ink density,What A Colour Match Can And Cannot Promise,product+product+product,200
https://theburgersleeves.com/product/full-color-burger-sleeves/,Full Color Burger Sleeves,https://theburgersleeves.com/product/promotional-burger-sleeves/,Promotional Burger Sleeves,packaging built around a campaign with a fixed end date,When Full Colour Is Worth The Cost,product+product+product,200
https://theburgersleeves.com/product/gloss-finish-burger-sleeves/,Gloss Finish Burger Sleeves,https://theburgersleeves.com/product/matte-finish-burger-sleeves/,Matte Finish Burger Sleeves,a non-reflective face that stays readable under hard lighting,The Lighting Problem Nobody Tests For,product+product+category+product,200
https://theburgersleeves.com/product/gloss-finish-burger-sleeves/,Gloss Finish Burger Sleeves,https://theburgersleeves.com/product/full-color-burger-sleeves/,Full Color Burger Sleeves,edge-to-edge process colour on a bright ground,Where Gloss Earns Its Place,product+product+category+product,200
https://theburgersleeves.com/product/gloss-finish-burger-sleeves/,Gloss Finish Burger Sleeves,https://theburgersleeves.com/product-category/burger-sleeves-styles/,Burger Sleeves Styles,the other surface treatments offered in this range,What To Confirm Before Ordering,product+product+category+product,200
https://theburgersleeves.com/product/gloss-finish-burger-sleeves/,Gloss Finish Burger Sleeves,https://theburgersleeves.com/product/promotional-burger-sleeves/,Promotional Burger Sleeves,a print run tied to a campaign end date,Gloss Costs Most On A Short Run,product+product+category+product,200
https://theburgersleeves.com/product/jumbo-burger-sleeves/,Jumbo Burger Sleeves,https://theburgersleeves.com/product/corrugated-burger-sleeves/,Corrugated Burger Sleeves,fluted board constructions that add stiffness for their weight,Rigidity Matters More Than Dimension,product+product+page,200
https://theburgersleeves.com/product/jumbo-burger-sleeves/,Jumbo Burger Sleeves,https://theburgersleeves.com/product/double-patty-burger-sleeves/,Double Patty Burger Sleeves,sleeves shaped around stacked patty builds,Carrying Something Tall And Heavy,product+product+page,200
https://theburgersleeves.com/product/jumbo-burger-sleeves/,Jumbo Burger Sleeves,https://theburgersleeves.com/get-free-quote/,Get Free Quote,quotation stage where board and structure are matched to the build,What A Supplier Needs From You,product+product+page,200
https://theburgersleeves.com/product/kraft-brown-burger-sleeves/,Kraft Brown Burger Sleeves,https://theburgersleeves.com/product/kraft-burger-sleeves/,Kraft Burger Sleeves,the wider kraft board options across weights,How Brown Board Handles Grease,product+product+product+product,200
https://theburgersleeves.com/product/kraft-brown-burger-sleeves/,Kraft Brown Burger Sleeves,https://theburgersleeves.com/product/minimal-design-burger-sleeves/,Minimal Design Burger Sleeves,pared-back layouts that use fewer inks,Designing A Mark That Works On Brown,product+product+product+product,200
https://theburgersleeves.com/product/kraft-brown-burger-sleeves/,Kraft Brown Burger Sleeves,https://theburgersleeves.com/product/white-burger-sleeves/,White Burger Sleeves,a bright ground that reproduces colour predictably,Service Settings Suited To Kraft,product+product+product+product,200
https://theburgersleeves.com/product/kraft-brown-burger-sleeves/,Kraft Brown Burger Sleeves,https://theburgersleeves.com/product/cafe-burger-sleeves/,Cafe Burger Sleeves,a hot food line running inside a coffee business,Brown Rarely Arrives On The Counter Alone,product+product+product+product,200
https://theburgersleeves.com/product/kraft-burger-sleeves/,Kraft Burger Sleeves,https://theburgersleeves.com/product-category/burger-sleeves-materials/,Burger Sleeves Materials,kraft paper sleeve construction,Kraft Burger Sleeves That Deliver A Warm Stock Feel,category+product+product+product,200
https://theburgersleeves.com/product/kraft-burger-sleeves/,Kraft Burger Sleeves,https://theburgersleeves.com/product/paper-burger-sleeves/,Paper Burger Sleeves,paper wrap sleeve stock,Kraft Burger Sleeves That Deliver A Warm Stock Feel,category+product+product+product,200
https://theburgersleeves.com/product/kraft-burger-sleeves/,Kraft Burger Sleeves,https://theburgersleeves.com/product/recycled-burger-sleeves/,Recycled Burger Sleeves,recycled material alternative,Kraft Sleeves That Pair With Menu Material Planning,category+product+product+product,200
https://theburgersleeves.com/product/kraft-burger-sleeves/,Kraft Burger Sleeves,https://theburgersleeves.com/product/corrugated-burger-sleeves/,Corrugated Burger Sleeves,structured layer support,Kraft Sleeves That Pair With Menu Material Planning,category+product+product+product,200
https://theburgersleeves.com/product/large-burger-sleeves/,Large Burger Sleeves,https://theburgersleeves.com/product/jumbo-burger-sleeves/,Jumbo Burger Sleeves,the oversized format built around wall height,Weight Changes What The Board Has To Do,product+product+product,200
https://theburgersleeves.com/product/large-burger-sleeves/,Large Burger Sleeves,https://theburgersleeves.com/product/takeaway-burger-sleeves/,Takeaway Burger Sleeves,the formats intended for carrying away from the counter,Wider Buns And Topping Overhang,product+product+product,200
https://theburgersleeves.com/product/large-burger-sleeves/,Large Burger Sleeves,https://theburgersleeves.com/product/cardboard-burger-sleeves/,Cardboard Burger Sleeves,the stiffer paperboard calipers available,Getting A Heavy Build Out The Door,product+product+product,200
https://theburgersleeves.com/product/logo-printed-burger-sleeves/,Logo Printed Burger Sleeves,https://theburgersleeves.com/product/kraft-brown-burger-sleeves/,Kraft Brown Burger Sleeves,"unbleached brown board, where ink behaviour differs most",How Small A Mark Can Go,product+product+product+category,200
https://theburgersleeves.com/product/logo-printed-burger-sleeves/,Logo Printed Burger Sleeves,https://theburgersleeves.com/product/black-printed-burger-sleeves/,Black Printed Burger Sleeves,single-colour dark ink work behaves on light stock,"One Colour, Two Colours, Or Reversed",product+product+product+category,200
https://theburgersleeves.com/product/logo-printed-burger-sleeves/,Logo Printed Burger Sleeves,https://theburgersleeves.com/product/branded-burger-sleeves/,Branded Burger Sleeves,a packaging set that has to stay consistent across items,Keeping The Mark Away From The Structure,product+product+product+category,200
https://theburgersleeves.com/product/logo-printed-burger-sleeves/,Logo Printed Burger Sleeves,https://theburgersleeves.com/product-category/special-sleeves-uses/,Special Sleeves Uses,the serving situation you are actually packing for,"Checking The Mark In Use, Not On A Bench",product+product+product+category,200
https://theburgersleeves.com/product/matte-finish-burger-sleeves/,Matte Finish Burger Sleeves,https://theburgersleeves.com/product-category/burger-sleeves-styles/,Burger Sleeves Styles,low glare sleeve finish,Matte Finish Burger Sleeves For Smooth Surface Handling,category+product+product+product,200
https://theburgersleeves.com/product/matte-finish-burger-sleeves/,Matte Finish Burger Sleeves,https://theburgersleeves.com/product/white-printed-burger-sleeves/,White Printed Burger Sleeves,artwork printed onto a bright white ground,Print Stability And Visual Clarity In Matte Sleeves,category+product+product+product,200
https://theburgersleeves.com/product/matte-finish-burger-sleeves/,Matte Finish Burger Sleeves,https://theburgersleeves.com/product/branded-burger-sleeves/,Branded Burger Sleeves,sleeves carrying a full brand system,Handling Experience During High Volume Service,category+product+product+product,200
https://theburgersleeves.com/product/matte-finish-burger-sleeves/,Matte Finish Burger Sleeves,https://theburgersleeves.com/product/black-burger-sleeves/,Black Burger Sleeves,dark board where surface sheen shows most,Handling Experience During High Volume Service,category+product+product+product,200
https://theburgersleeves.com/product/medium-burger-sleeves/,Medium Burger Sleeves,https://theburgersleeves.com/product/large-burger-sleeves/,Large Burger Sleeves,the wider format sized for heavier builds,How Much Movement Is Acceptable,product+category+product,200
https://theburgersleeves.com/product/medium-burger-sleeves/,Medium Burger Sleeves,https://theburgersleeves.com/product-category/burger-sleeves-sizes/,Burger Sleeves Sizes,how the sizes step against one another across the range,Where A Single Size Stops Working,product+category+product,200
https://theburgersleeves.com/product/medium-burger-sleeves/,Medium Burger Sleeves,https://theburgersleeves.com/product/restaurant-burger-sleeves/,Restaurant Burger Sleeves,the packaging used for seated and counter service,Keeping The Standard Size Consistent,product+category+product,200
https://theburgersleeves.com/product/minimal-design-burger-sleeves/,Minimal Design Burger Sleeves,https://theburgersleeves.com/product/kraft-brown-burger-sleeves/,Kraft Brown Burger Sleeves,an unbleached surface that absorbs handling marks visually,Space Is Not Wasted Area,product+product+product+product,200
https://theburgersleeves.com/product/minimal-design-burger-sleeves/,Minimal Design Burger Sleeves,https://theburgersleeves.com/product/printed-burger-sleeves/,Printed Burger Sleeves,the printing method decided at that point,Fewer Inks Is A Production Decision Too,product+product+product+product,200
https://theburgersleeves.com/product/minimal-design-burger-sleeves/,Minimal Design Burger Sleeves,https://theburgersleeves.com/product/logo-printed-burger-sleeves/,Logo Printed Burger Sleeves,"how a mark is positioned, sized and kept clear of folds",Keeping Identification Legible Without Clutter,product+product+product+product,200
https://theburgersleeves.com/product/minimal-design-burger-sleeves/,Minimal Design Burger Sleeves,https://theburgersleeves.com/product/matte-finish-burger-sleeves/,Matte Finish Burger Sleeves,a low-glare surface where the finish carries part of the effect,What Restraint Does Not Promise,product+product+product+product,200
https://theburgersleeves.com/product/paper-burger-sleeves/,Paper Burger Sleeves,https://theburgersleeves.com/product-category/burger-sleeves-materials/,Burger Sleeves Materials,paper stock sleeve formats,Paper Burger Sleeves For Clean Wrap Control,category+product+product+product,200
https://theburgersleeves.com/product/paper-burger-sleeves/,Paper Burger Sleeves,https://theburgersleeves.com/product/kraft-burger-sleeves/,Kraft Burger Sleeves,kraft paper build,Paper Burger Sleeves For Clean Wrap Control,category+product+product+product,200
https://theburgersleeves.com/product/paper-burger-sleeves/,Paper Burger Sleeves,https://theburgersleeves.com/product/recycled-burger-sleeves/,Recycled Burger Sleeves,recycled paper choice,Paper Sleeves That Balance Flex And Support,category+product+product+product,200
https://theburgersleeves.com/product/paper-burger-sleeves/,Paper Burger Sleeves,https://theburgersleeves.com/product/cardboard-burger-sleeves/,Cardboard Burger Sleeves,paperboard strength option,Paper Sleeves That Balance Flex And Support,category+product+product+product,200
https://theburgersleeves.com/product/printed-burger-sleeves/,Printed Burger Sleeves,https://theburgersleeves.com/product-category/customized-burger-sleeves/,Customized Burger Sleeves,custom print sleeve options,"How Ink, Board And Press Interact",category+product+product+product,200
https://theburgersleeves.com/product/printed-burger-sleeves/,Printed Burger Sleeves,https://theburgersleeves.com/product/branded-burger-sleeves/,Branded Burger Sleeves,brand led sleeve layouts,"How Ink, Board And Press Interact",category+product+product+product,200
https://theburgersleeves.com/product/printed-burger-sleeves/,Printed Burger Sleeves,https://theburgersleeves.com/product/logo-printed-burger-sleeves/,Logo Printed Burger Sleeves,logo placement focused prints,Coverage Choices And What Each Costs You,category+product+product+product,200
https://theburgersleeves.com/product/printed-burger-sleeves/,Printed Burger Sleeves,https://theburgersleeves.com/product/full-color-burger-sleeves/,Full Color Burger Sleeves,full artwork coverage,Coverage Choices And What Each Costs You,category+product+product+product,200
https://theburgersleeves.com/product/promotional-burger-sleeves/,Promotional Burger Sleeves,https://theburgersleeves.com/product/custom-burger-sleeves/,Custom Burger Sleeves,"a bespoke brief covering board, print and quantity together",A Campaign Has An End Date,product+product+product,200
https://theburgersleeves.com/product/promotional-burger-sleeves/,Promotional Burger Sleeves,https://theburgersleeves.com/product/full-color-burger-sleeves/,Full Color Burger Sleeves,edge-to-edge process printing and what heavy coverage does on board,Zoning The Artwork Before Design Starts,product+product+product,200
https://theburgersleeves.com/product/promotional-burger-sleeves/,Promotional Burger Sleeves,https://theburgersleeves.com/product/logo-printed-burger-sleeves/,Logo Printed Burger Sleeves,printing a single mark with defined placement,Keeping The Brand Recognisable Under Campaign Artwork,product+product+product,200
https://theburgersleeves.com/product/recycled-burger-sleeves/,Recycled Burger Sleeves,https://theburgersleeves.com/product-category/burger-sleeves-materials/,Burger Sleeves Materials,material based burger sleeve options,Recycled Burger Sleeves That Keep Service Clean,category+product+product+product,200
https://theburgersleeves.com/product/recycled-burger-sleeves/,Recycled Burger Sleeves,https://theburgersleeves.com/product/eco-friendly-burger-sleeves/,Eco Friendly Burger Sleeves,lower impact material choice,Recycled Burger Sleeves That Keep Service Clean,category+product+product+product,200
https://theburgersleeves.com/product/recycled-burger-sleeves/,Recycled Burger Sleeves,https://theburgersleeves.com/product/kraft-burger-sleeves/,Kraft Burger Sleeves,kraft paper stock build,Recycled Sleeves That Support Menu Consistency,category+product+product+product,200
https://theburgersleeves.com/product/recycled-burger-sleeves/,Recycled Burger Sleeves,https://theburgersleeves.com/product/paper-burger-sleeves/,Paper Burger Sleeves,paper based wrap material,Recycled Sleeves That Support Menu Consistency,category+product+product+product,200
https://theburgersleeves.com/product/restaurant-burger-sleeves/,Restaurant Burger Sleeves,https://theburgersleeves.com/product/logo-printed-burger-sleeves/,Logo Printed Burger Sleeves,single-mark printing where the logo placement is the whole job,Telling Orders Apart On A Loaded Tray,product+product+product,200
https://theburgersleeves.com/product/restaurant-burger-sleeves/,Restaurant Burger Sleeves,https://theburgersleeves.com/product/medium-burger-sleeves/,Medium Burger Sleeves,the everyday size that carries most of the menu,Standardising Dimensions Across A Menu,product+product+product,200
https://theburgersleeves.com/product/restaurant-burger-sleeves/,Restaurant Burger Sleeves,https://theburgersleeves.com/product/custom-burger-sleeves/,Custom Burger Sleeves,"the full bespoke specification process, covering dimensions, board, print and structure together",Where A Bespoke Specification Pays Off,product+product+product,200
https://theburgersleeves.com/product/slider-burger-sleeves/,Slider Burger Sleeves,https://theburgersleeves.com/product/event-burger-sleeves/,Event Burger Sleeves,packaging planned around serving in batches,Laying Out A Tray Or Box,product+product+product,200
https://theburgersleeves.com/product/slider-burger-sleeves/,Slider Burger Sleeves,https://theburgersleeves.com/product/minimal-design-burger-sleeves/,Minimal Design Burger Sleeves,layouts built around fewer inks and simpler marks,Artwork At A Very Small Scale,product+product+product,200
https://theburgersleeves.com/product/slider-burger-sleeves/,Slider Burger Sleeves,https://theburgersleeves.com/product/small-burger-sleeves/,Small Burger Sleeves,the compact single-serve format,Batch Assembly Without Losing Time,product+product+product,200
https://theburgersleeves.com/product/small-burger-sleeves/,Small Burger Sleeves,https://theburgersleeves.com/product/medium-burger-sleeves/,Medium Burger Sleeves,the sleeve used for the standard house build,Portion Size Is A Pricing Decision,product+product+product,200
https://theburgersleeves.com/product/small-burger-sleeves/,Small Burger Sleeves,https://theburgersleeves.com/product/cafe-burger-sleeves/,Cafe Burger Sleeves,the sleeves used for lower-volume counter service,Counter Storage And Speed,product+product+product,200
https://theburgersleeves.com/product/small-burger-sleeves/,Small Burger Sleeves,https://theburgersleeves.com/product/slider-burger-sleeves/,Slider Burger Sleeves,the format built for mini burgers served several at a time,Ordering A Small Format,product+product+product,200
https://theburgersleeves.com/product/street-food-burger-sleeves/,Street Food Burger Sleeves,https://theburgersleeves.com/product/takeaway-burger-sleeves/,Takeaway Burger Sleeves,what packaging has to survive once it leaves the counter,Eating While Standing Up,product+product+product,200
https://theburgersleeves.com/product/street-food-burger-sleeves/,Street Food Burger Sleeves,https://theburgersleeves.com/product/cardboard-burger-sleeves/,Cardboard Burger Sleeves,heavier paperboard calipers that hold shape when damp,Sauce Is The Main Design Constraint,product+product+product,200
https://theburgersleeves.com/product/street-food-burger-sleeves/,Street Food Burger Sleeves,https://theburgersleeves.com/product/die-cut-burger-sleeves/,Die Cut Burger Sleeves,shaped sleeve structures with defined tabs and openings,Handing Over In A Crowd,product+product+product,200
https://theburgersleeves.com/product/white-burger-sleeves/,White Burger Sleeves,https://theburgersleeves.com/product/grease-resistant-burger-sleeves/,Grease Resistant Burger Sleeves,board treated to slow oil migration,The Cost Of A Clean Surface,product+product+category+product,200
https://theburgersleeves.com/product/white-burger-sleeves/,White Burger Sleeves,https://theburgersleeves.com/product/gloss-finish-burger-sleeves/,Gloss Finish Burger Sleeves,a sealed high-shine face that deepens printed colour,Coating Decisions On White Board,product+product+category+product,200
https://theburgersleeves.com/product/white-burger-sleeves/,White Burger Sleeves,https://theburgersleeves.com/product-category/burger-sleeves-styles/,Burger Sleeves Styles,the range of surface options across the sleeve styles,Menus That Suit A White Sleeve,product+product+category+product,200
https://theburgersleeves.com/product/white-burger-sleeves/,White Burger Sleeves,https://theburgersleeves.com/product/restaurant-burger-sleeves/,Restaurant Burger Sleeves,a table-service packaging set across several sites,Two Whites Rarely Match Each Other,product+product+category+product,200
https://theburgersleeves.com/product/white-printed-burger-sleeves/,White Printed Burger Sleeves,https://theburgersleeves.com/product/white-burger-sleeves/,White Burger Sleeves,white board considered as a material rather than a print base,A Bright Base For Printed Artwork,product+product+product,200
https://theburgersleeves.com/product/white-printed-burger-sleeves/,White Printed Burger Sleeves,https://theburgersleeves.com/product/grease-resistant-burger-sleeves/,Grease Resistant Burger Sleeves,how oil actually moves through board and what a barrier can promise,Barrier Treatment Matters More Here,product+product+product,200
https://theburgersleeves.com/product/white-printed-burger-sleeves/,White Printed Burger Sleeves,https://theburgersleeves.com/product/full-color-burger-sleeves/,Full Color Burger Sleeves,process colour work and what heavy coverage does on board,Designing With Restraint On A Bright Ground,product+product+product,200
