path,live_title,new_title,title_match,live_description,new_description,description_source,live_canonical,new_canonical,canonical_match,live_h1,new_h1,h1_change
/about-us/,About Us - The Burger Sleeves,About Us - The Burger Sleeves,exact,,"Learn how The Burger Sleeves turns custom printed burger sleeves into marketing for restaurants, food trucks and cafes.",authored fallback (live had none),https://theburgersleeves.com/about-us/,https://theburgersleeves.com/about-us/,exact,(none on live),About Us,added (live page had no H1)
/brand/the-burger-sleeves/,The Burger Sleeves Archives - The Burger Sleeves,The Burger Sleeves Archives - The Burger Sleeves,exact,,"Every burger sleeve made by The Burger Sleeves: custom printed, kraft, black, white and die-cut packaging for food service.",authored fallback (live had none),https://theburgersleeves.com/brand/the-burger-sleeves/,https://theburgersleeves.com/brand/the-burger-sleeves/,exact,The Burger Sleeves,The Burger Sleeves,unchanged
/contact-us/,Contact Us - The Burger Sleeves,Contact Us - The Burger Sleeves,exact,,"Call (503) 358-0443, email us or send a message about custom burger sleeve packaging. We reply to every enquiry.",authored fallback (live had none),https://theburgersleeves.com/contact-us/,https://theburgersleeves.com/contact-us/,exact,(none on live),Contact Us,added (live page had no H1)
/get-free-quote/,Get Free Quote - The Burger Sleeves,Get Free Quote - The Burger Sleeves,exact,,"Request a free quote for custom burger sleeves. Share your size, colours, quantity and artwork and we will price it.",authored fallback (live had none),https://theburgersleeves.com/get-free-quote/,https://theburgersleeves.com/get-free-quote/,exact,(none on live),Get Free Quote,added (live page had no H1)
/,Custom Burger Sleeves | Printed & Kraft Food Packaging,Custom Burger Sleeves | Printed & Kraft Food Packaging,exact,"Order custom burger sleeves with logo printing, grease-resistant kraft material, and bulk wholesale options for restaurants, food trucks etc","Order custom burger sleeves with logo printing, grease-resistant kraft material, and bulk wholesale options for restaurants, food trucks etc",preserved from live,https://theburgersleeves.com/,https://theburgersleeves.com/,exact,Custom Burger Sleeves,Custom Burger Sleeves,unchanged
/privacy-policy/,Privacy Policy - The Burger Sleeves,Privacy Policy - The Burger Sleeves,exact,,"How The Burger Sleeves collects, uses and protects the personal information you share through our website and enquiries.",authored fallback (live had none),https://theburgersleeves.com/privacy-policy/,https://theburgersleeves.com/privacy-policy/,exact,Privacy Policy,Privacy Policy,unchanged
/product-category/burger-sleeves-combo/,Custom Burger Sleeves | Printed Packaging | The Burger Sleeves,Custom Burger Sleeves | Printed Packaging | The Burger Sleeves,exact,"Custom printed burger sleeves and kraft food packaging. Get high-quality, branded burger wraps for your restaurant. Request a free quote today!","Custom printed burger sleeves and kraft food packaging. Get high-quality, branded burger wraps for your restaurant. Request a free quote today!",preserved from live,https://theburgersleeves.com/product-category/burger-sleeves-combo/,https://theburgersleeves.com/product-category/burger-sleeves-combo/,exact,Burger Sleeves Combo,Burger Sleeves Combo,unchanged
/product-category/burger-sleeves-materials/,Burger Sleeve Materials | Custom Food Packaging | TBS,Burger Sleeve Materials | Custom Food Packaging | TBS,exact,"Explore premium burger sleeve materials: eco-friendly kraft paper, greaseproof, and custom printed options. Durable packaging for your restaurant!","Explore premium burger sleeve materials: eco-friendly kraft paper, greaseproof, and custom printed options. Durable packaging for your restaurant!",preserved from live,https://theburgersleeves.com/product-category/burger-sleeves-materials/,https://theburgersleeves.com/product-category/burger-sleeves-materials/,exact,Burger Sleeves Materials,Burger Sleeves Materials,unchanged
/product-category/burger-sleeves-sizes/,Burger Sleeve Sizes | Custom Packaging | Free Quote | TBS,Burger Sleeve Sizes | Custom Packaging | Free Quote | TBS,exact,"Find the perfect burger sleeve size for your menu. Standard, large, and custom sizes available. Fits sliders to gourmet burgers. Order yours today!","Find the perfect burger sleeve size for your menu. Standard, large, and custom sizes available. Fits sliders to gourmet burgers. Order yours today!",preserved from live,https://theburgersleeves.com/product-category/burger-sleeves-sizes/,https://theburgersleeves.com/product-category/burger-sleeves-sizes/,exact,Burger Sleeves Sizes,Burger Sleeves Sizes,unchanged
/product-category/burger-sleeves-styles/,Burger Sleeve Styles | Custom Printed | The Burger Sleeves,Burger Sleeve Styles | Custom Printed | The Burger Sleeves,exact,"Explore burger sleeve styles: custom printed designs, natural kraft, windowed, and foil-lined options. Create unique packaging for your brand today!","Explore burger sleeve styles: custom printed designs, natural kraft, windowed, and foil-lined options. Create unique packaging for your brand today!",preserved from live,https://theburgersleeves.com/product-category/burger-sleeves-styles/,https://theburgersleeves.com/product-category/burger-sleeves-styles/,exact,Burger Sleeves Styles,Burger Sleeves Styles,unchanged
/product-category/burger-sleeves-usage/,Burger Sleeves Usage | The Burger Sleeves | Order Now,Burger Sleeves Usage | The Burger Sleeves | Order Now,exact,"Learn how to use The Burger Sleeves for restaurants, food trucks & catering. Keep food fresh, grease-free & branded. Order Now for a Free Quote!","Learn how to use The Burger Sleeves for restaurants, food trucks & catering. Keep food fresh, grease-free & branded. Order Now for a Free Quote!",preserved from live,https://theburgersleeves.com/product-category/burger-sleeves-usage/,https://theburgersleeves.com/product-category/burger-sleeves-usage/,exact,Burger Sleeves Usage,Burger Sleeves Usage,unchanged
/product-category/customized-burger-sleeves/,Customized Burger Sleeves | Custom Printed | Free Quote,Customized Burger Sleeves | Custom Printed | Free Quote,exact,"Design customized burger sleeves that showcase your brand. Premium printing, unlimited colors, fast turnaround. Order custom packaging. Free Quote!","Design customized burger sleeves that showcase your brand. Premium printing, unlimited colors, fast turnaround. Order custom packaging. Free Quote!",preserved from live,https://theburgersleeves.com/product-category/customized-burger-sleeves/,https://theburgersleeves.com/product-category/customized-burger-sleeves/,exact,Customized Burger Sleeves,Customized Burger Sleeves,unchanged
/product-category/special-sleeves-uses/,Special Sleeve Uses | The Burger Sleeves | Free Quote,Special Sleeve Uses | The Burger Sleeves | Free Quote,exact,"The Burger Sleeves perfect for corporate events, food trucks, festivals & promotional campaigns. Creative packaging solutions. Order Now, Free Quote!","The Burger Sleeves perfect for corporate events, food trucks, festivals & promotional campaigns. Creative packaging solutions. Order Now, Free Quote!",preserved from live,https://theburgersleeves.com/product-category/special-sleeves-uses/,https://theburgersleeves.com/product-category/special-sleeves-uses/,exact,Special Sleeves Uses,Special Sleeves Uses,unchanged
/product/black-burger-sleeves/,Black Burger Sleeves | Strong Board | The Burger Sleeves,Black Burger Sleeves | Strong Board | The Burger Sleeves,exact,Black burger sleeves made from sturdy paperboard with grease control and clear branding panels for takeaway service. Free design and shipping.,Black burger sleeves made from sturdy paperboard with grease control and clear branding panels for takeaway service. Free design and shipping.,preserved from live,https://theburgersleeves.com/product/black-burger-sleeves/,https://theburgersleeves.com/product/black-burger-sleeves/,exact,Black Burger Sleeves,Black Burger Sleeves,unchanged
/product/black-printed-burger-sleeves/,Black Printed Burger Sleeves | Dark Finish | The Burger Sleeves,Black Printed Burger Sleeves | Dark Finish | The Burger Sleeves,exact,Black printed burger sleeves for modern presentation with sharp readability and grease control. Artwork assistance and flexible ordering options available.,Black printed burger sleeves for modern presentation with sharp readability and grease control. Artwork assistance and flexible ordering options available.,preserved from live,https://theburgersleeves.com/product/black-printed-burger-sleeves/,https://theburgersleeves.com/product/black-printed-burger-sleeves/,exact,Black Printed Burger Sleeves,Black Printed Burger Sleeves,unchanged
/product/branded-burger-sleeves/,Branded Burger Sleeves | Print Space | The Burger Sleeves,Branded Burger Sleeves | Print Space | The Burger Sleeves,exact,"Free artwork help and quick pricing for branded burger sleeves with clean hand-feel, clear branding space, grease control options, and flat pack handling.","Free artwork help and quick pricing for branded burger sleeves with clean hand-feel, clear branding space, grease control options, and flat pack handling.",preserved from live,https://theburgersleeves.com/product/branded-burger-sleeves/,https://theburgersleeves.com/product/branded-burger-sleeves/,exact,Branded Burger Sleeves,Branded Burger Sleeves,unchanged
/product/burger-and-fries-sleeves/,Burger And Fries Sleeves Packaging | The Burger Sleeves,Burger And Fries Sleeves Packaging | The Burger Sleeves,exact,"Burger and fries sleeves packaging for combined serving with clean grip and grease control. Get custom quotes, free design, and free shipping.","Burger and fries sleeves packaging for combined serving with clean grip and grease control. Get custom quotes, free design, and free shipping.",preserved from live,https://theburgersleeves.com/product/burger-and-fries-sleeves/,https://theburgersleeves.com/product/burger-and-fries-sleeves/,exact,Burger and Fries Sleeves,Burger and Fries Sleeves,unchanged
/product/burger-sandwich-sleeves/,Burger Sandwich Sleeves For Quick Serve | The Burger Sleeves,Burger Sandwich Sleeves For Quick Serve | The Burger Sleeves,exact,"Burger sandwich sleeves for quick-serve service, built for cleaner grip and better wrap control with clear print panels that help streamline order handling.","Burger sandwich sleeves for quick-serve service, built for cleaner grip and better wrap control with clear print panels that help streamline order handling.",preserved from live,https://theburgersleeves.com/product/burger-sandwich-sleeves/,https://theburgersleeves.com/product/burger-sandwich-sleeves/,exact,Burger Sandwich Sleeves,Burger Sandwich Sleeves,unchanged
/product/burger-sleeves/,Burger Sleeves | Fast Packing | The Burger Sleeves,Burger Sleeves | Fast Packing | The Burger Sleeves,exact,"Free design help and a quick quote for burger sleeves built for fast packing, clean grip, and steady hold across counter, takeaway, and tray service.","Free design help and a quick quote for burger sleeves built for fast packing, clean grip, and steady hold across counter, takeaway, and tray service.",preserved from live,https://theburgersleeves.com/product/burger-sleeves/,https://theburgersleeves.com/product/burger-sleeves/,exact,Burger Sleeves,Burger Sleeves,unchanged
/product/burger-wrapping-sleeves/,Burger Wrapping Sleeves Packaging | The Burger Sleeves,Burger Wrapping Sleeves Packaging | The Burger Sleeves,exact,"Burger wrapping sleeves that add clean grip support, help reduce grease transfer, and keep wraps steady during handoff, takeaway carry, and tray service.","Burger wrapping sleeves that add clean grip support, help reduce grease transfer, and keep wraps steady during handoff, takeaway carry, and tray service.",preserved from live,https://theburgersleeves.com/product/burger-wrapping-sleeves/,https://theburgersleeves.com/product/burger-wrapping-sleeves/,exact,Burger Wrapping Sleeves,Burger Wrapping Sleeves,unchanged
/product/cafe-burger-sleeves/,Cafe Burger Sleeves Packaging | The Burger Sleeves,Cafe Burger Sleeves Packaging | The Burger Sleeves,exact,Free design support for cafe burger sleeves built for clean handling and neat presentation. Request a custom quote and free shipping.,Free design support for cafe burger sleeves built for clean handling and neat presentation. Request a custom quote and free shipping.,preserved from live,https://theburgersleeves.com/product/cafe-burger-sleeves/,https://theburgersleeves.com/product/cafe-burger-sleeves/,exact,Cafe Burger Sleeves,Cafe Burger Sleeves,unchanged
/product/cardboard-burger-sleeves/,Cardboard Burger Sleeve | Print Ready Panel | The Burger Sleeves,Cardboard Burger Sleeve | Print Ready Panel | The Burger Sleeves,exact,Get pricing for cardboard burger sleeves built for steady grip and clean handling. Artwork support and free shipping available.,Get pricing for cardboard burger sleeves built for steady grip and clean handling. Artwork support and free shipping available.,preserved from live,https://theburgersleeves.com/product/cardboard-burger-sleeves/,https://theburgersleeves.com/product/cardboard-burger-sleeves/,exact,Cardboard Burger Sleeves,Cardboard Burger Sleeves,unchanged
/product/cheeseburger-sleeves/,Cheeseburger Sleeves | Moisture Control | The Burger Sleeves,Cheeseburger Sleeves | Moisture Control | The Burger Sleeves,exact,"Cheeseburger sleeves for cheese heavy wraps with clean grip, neat presentation, and board options for moisture control. Free shipping and design help.","Cheeseburger sleeves for cheese heavy wraps with clean grip, neat presentation, and board options for moisture control. Free shipping and design help.",preserved from live,https://theburgersleeves.com/product/cheeseburger-sleeves/,https://theburgersleeves.com/product/cheeseburger-sleeves/,exact,Cheeseburger Sleeves,Cheeseburger Sleeves,unchanged
/product/corrugated-burger-sleeves/,Corrugated Burger Sleeves | Fluted Board | The Burger Sleeves,Corrugated Burger Sleeves | Fluted Board | The Burger Sleeves,exact,Get pricing for corrugated burger sleeves built for strong grip and stable hold during carry. Artwork support and free shipping available.,Get pricing for corrugated burger sleeves built for strong grip and stable hold during carry. Artwork support and free shipping available.,preserved from live,https://theburgersleeves.com/product/corrugated-burger-sleeves/,https://theburgersleeves.com/product/corrugated-burger-sleeves/,exact,Corrugated Burger Sleeves,Corrugated Burger Sleeves,unchanged
/product/custom-burger-sleeves/,Custom Burger Sleeves | Size-Matched Burger Sleeve Packaging,Custom Burger Sleeves | Size-Matched Burger Sleeve Packaging,exact,"Custom burger sleeves matched to your burger dimensions and serving style. Options for paper type, barrier layers, and layout zones.","Custom burger sleeves matched to your burger dimensions and serving style. Options for paper type, barrier layers, and layout zones.",preserved from live,https://theburgersleeves.com/product/custom-burger-sleeves/,https://theburgersleeves.com/product/custom-burger-sleeves/,exact,Custom Burger Sleeves,Custom Burger Sleeves,unchanged
/product/die-cut-burger-sleeves/,Die Cut Burger Sleeves | Quick Service | The Burger Sleeves,Die Cut Burger Sleeves | Quick Service | The Burger Sleeves,exact,"Free design and custom quote for die cut burger sleeves with locking fit, clean grip handling, and sturdy board for fast packing and service.","Free design and custom quote for die cut burger sleeves with locking fit, clean grip handling, and sturdy board for fast packing and service.",preserved from live,https://theburgersleeves.com/product/die-cut-burger-sleeves/,https://theburgersleeves.com/product/die-cut-burger-sleeves/,exact,Die Cut Burger Sleeves,Die Cut Burger Sleeves,unchanged
/product/disposable-burger-sleeves/,Disposable Burger Sleeves | Single Use Burger Paper Sleeves,Disposable Burger Sleeves | Single Use Burger Paper Sleeves,exact,"Get a quick quote for takeaway burger sleeves built for easy carry with secure grip, oil control, and labeling space, plus free shipping.","Get a quick quote for takeaway burger sleeves built for easy carry with secure grip, oil control, and labeling space, plus free shipping.",preserved from live,https://theburgersleeves.com/product/disposable-burger-sleeves/,https://theburgersleeves.com/product/disposable-burger-sleeves/,exact,Disposable Burger Sleeves,Disposable Burger Sleeves,unchanged
/product/double-patty-burger-sleeves/,Double Patty Burger Sleeves | Tall Builds & Strong Hold,Double Patty Burger Sleeves | Tall Builds & Strong Hold,exact,"Custom quote, free design, and free shipping on double patty burger sleeves for tall builds with stronger board option and optional barrier support handoff.","Custom quote, free design, and free shipping on double patty burger sleeves for tall builds with stronger board option and optional barrier support handoff.",preserved from live,https://theburgersleeves.com/product/double-patty-burger-sleeves/,https://theburgersleeves.com/product/double-patty-burger-sleeves/,exact,Double Patty Burger Sleeves,Double Patty Burger Sleeves,unchanged
/product/eco-friendly-burger-sleeves/,Eco Burger Sleeves | Responsible Packaging | The Burger Sleeves,Eco Burger Sleeves | Responsible Packaging | The Burger Sleeves,exact,Request pricing for eco burger sleeves built for clean handling and reliable service use. Artwork support and free shipping available.,Request pricing for eco burger sleeves built for clean handling and reliable service use. Artwork support and free shipping available.,preserved from live,https://theburgersleeves.com/product/eco-friendly-burger-sleeves/,https://theburgersleeves.com/product/eco-friendly-burger-sleeves/,exact,Eco Friendly Burger Sleeves,Eco Friendly Burger Sleeves,unchanged
/product/event-burger-sleeves/,Event Burger Sleeves Packaging | The Burger Sleeves,Event Burger Sleeves Packaging | The Burger Sleeves,exact,"Free layout support and a quick quote for event burger sleeves with steady grip, size fit planning, and grease control for busy food stations.","Free layout support and a quick quote for event burger sleeves with steady grip, size fit planning, and grease control for busy food stations.",preserved from live,https://theburgersleeves.com/product/event-burger-sleeves/,https://theburgersleeves.com/product/event-burger-sleeves/,exact,Event Burger Sleeves,Event Burger Sleeves,unchanged
/product/fast-food-burger-sleeves/,Fast Food Burger Sleeves | The Burger Sleeves,Fast Food Burger Sleeves | The Burger Sleeves,exact,Request pricing for fast food burger sleeves built for quick service with steady grip and clean handoff. Artwork support and free shipping available.,Request pricing for fast food burger sleeves built for quick service with steady grip and clean handoff. Artwork support and free shipping available.,preserved from live,https://theburgersleeves.com/product/fast-food-burger-sleeves/,https://theburgersleeves.com/product/fast-food-burger-sleeves/,exact,Fast Food Burger Sleeves,Fast Food Burger Sleeves,unchanged
/product/fast-food-sleeves-packaging/,Fast Food Sleeves Packaging Wholesale | The Burger Sleeves,Fast Food Sleeves Packaging Wholesale | The Burger Sleeves,exact,"Fast food sleeves for wraps, burgers & snacks with custom sizes and clean print. Get a custom quote, free design, and free shipping for bulk orders.","Fast food sleeves for wraps, burgers & snacks with custom sizes and clean print. Get a custom quote, free design, and free shipping for bulk orders.",preserved from live,https://theburgersleeves.com/product/fast-food-sleeves-packaging/,https://theburgersleeves.com/product/fast-food-sleeves-packaging/,exact,Fast Food Sleeves Packaging,Fast Food Sleeves Packaging,unchanged
/product/food-grade-burger-sleeves/,Food Grade Burger Sleeves | Hygienic Serve | The Burger Sleeves,Food Grade Burger Sleeves | Hygienic Serve | The Burger Sleeves,exact,Get a quick quote for food grade burger sleeves built for clean handling with food contact safe paper and inks. Design support and free shipping available.,Get a quick quote for food grade burger sleeves built for clean handling with food contact safe paper and inks. Design support and free shipping available.,preserved from live,https://theburgersleeves.com/product/food-grade-burger-sleeves/,https://theburgersleeves.com/product/food-grade-burger-sleeves/,exact,Food Grade Burger Sleeves,Food Grade Burger Sleeves,unchanged
/product/food-truck-burger-sleeves/,Food Truck Burger Sleeves | Grease Control | The Burger Sleeves,Food Truck Burger Sleeves | Grease Control | The Burger Sleeves,exact,Free design support for burger sleeves used in food trucks with stable grip and quick service. Request a custom quote and free shipping.,Free design support for burger sleeves used in food trucks with stable grip and quick service. Request a custom quote and free shipping.,preserved from live,https://theburgersleeves.com/product/food-truck-burger-sleeves/,https://theburgersleeves.com/product/food-truck-burger-sleeves/,exact,Food Truck Burger Sleeves,Food Truck Burger Sleeves,unchanged
/product/full-color-burger-sleeves/,Full Color Burger Sleeves | Bold Patterns & Color | TBS,Full Color Burger Sleeves | Bold Patterns & Color | TBS,exact,Get a quick quote for full color burger sleeves built for rich visuals and bold designs. Artwork support and free shipping available.,Get a quick quote for full color burger sleeves built for rich visuals and bold designs. Artwork support and free shipping available.,preserved from live,https://theburgersleeves.com/product/full-color-burger-sleeves/,https://theburgersleeves.com/product/full-color-burger-sleeves/,exact,Full Color Burger Sleeves,Full Color Burger Sleeves,unchanged
/product/gloss-finish-burger-sleeves/,Gloss Finish Burger Sleeves | Takeaway Use | The Burger Sleeves,Gloss Finish Burger Sleeves | Takeaway Use | The Burger Sleeves,exact,Free design support for gloss burger sleeves with smooth finish and strong hold. Request a custom quote and free shipping for bulk orders.,Free design support for gloss burger sleeves with smooth finish and strong hold. Request a custom quote and free shipping for bulk orders.,preserved from live,https://theburgersleeves.com/product/gloss-finish-burger-sleeves/,https://theburgersleeves.com/product/gloss-finish-burger-sleeves/,exact,Gloss Finish Burger Sleeves,Gloss Finish Burger Sleeves,unchanged
/product/grease-resistant-burger-sleeves/,Grease Resistant Burger Sleeve | The Burger Sleeves,Grease Resistant Burger Sleeve | The Burger Sleeves,exact,"Grease resistant burger sleeves with oil barrier paper options to reduce soak through, keep hands cleaner, and improve grip. Artwork help included.","Grease resistant burger sleeves with oil barrier paper options to reduce soak through, keep hands cleaner, and improve grip. Artwork help included.",preserved from live,https://theburgersleeves.com/product/grease-resistant-burger-sleeves/,https://theburgersleeves.com/product/grease-resistant-burger-sleeves/,exact,Grease Resistant Burger Sleeves,Grease Resistant Burger Sleeves,unchanged
/product/hamburger-sleeves/,Hamburger Sleeves | Classic Builds | The Burger Sleeves,Hamburger Sleeves | Classic Builds | The Burger Sleeves,exact,"Free design help and a quick quote for hamburger sleeves built for classic burgers with clean grip, tidy wrap appearance, and stable serving.","Free design help and a quick quote for hamburger sleeves built for classic burgers with clean grip, tidy wrap appearance, and stable serving.",preserved from live,https://theburgersleeves.com/product/hamburger-sleeves/,https://theburgersleeves.com/product/hamburger-sleeves/,exact,Hamburger Sleeves,Hamburger Sleeves,unchanged
/product/jumbo-burger-sleeves/,Jumbo Burger Sleeves | Large Size Fit | The Burger Sleeves,Jumbo Burger Sleeves | Large Size Fit | The Burger Sleeves,exact,"Get a free quote on jumbo burger sleeves with custom design and free shipping, built for oversized burgers with firm grip and tidy presentation.","Get a free quote on jumbo burger sleeves with custom design and free shipping, built for oversized burgers with firm grip and tidy presentation.",preserved from live,https://theburgersleeves.com/product/jumbo-burger-sleeves/,https://theburgersleeves.com/product/jumbo-burger-sleeves/,exact,Jumbo Burger Sleeves,Jumbo Burger Sleeves,unchanged
/product/kraft-brown-burger-sleeves/,Kraft Burger Sleeves | Strong Grip | The Burger Sleeves,Kraft Burger Sleeves | Strong Grip | The Burger Sleeves,exact,Kraft brown burger sleeves made from sturdy kraft board for secure grip and cleaner handoff with warm fillings and sauces. Free design and shipping.,Kraft brown burger sleeves made from sturdy kraft board for secure grip and cleaner handoff with warm fillings and sauces. Free design and shipping.,preserved from live,https://theburgersleeves.com/product/kraft-brown-burger-sleeves/,https://theburgersleeves.com/product/kraft-brown-burger-sleeves/,exact,Kraft Brown Burger Sleeves,Kraft Brown Burger Sleeves,unchanged
/product/kraft-burger-sleeves/,Kraft Burger Sleeves | Natural Kraft Paper Burger Sleeves,Kraft Burger Sleeves | Natural Kraft Paper Burger Sleeves,exact,"Kraft burger sleeves with a natural paper look, strong grip, and absorbent or barrier builds for clean printing. Free shipping and design help.","Kraft burger sleeves with a natural paper look, strong grip, and absorbent or barrier builds for clean printing. Free shipping and design help.",preserved from live,https://theburgersleeves.com/product/kraft-burger-sleeves/,https://theburgersleeves.com/product/kraft-burger-sleeves/,exact,Kraft Burger Sleeves,Kraft Burger Sleeves,unchanged
/product/large-burger-sleeves/,Large Burger Sleeves | Tall Builds & Clean Handling | TBS,Large Burger Sleeves | Tall Builds & Clean Handling | TBS,exact,"Handle tall burgers with sleeves built for grip and structure during takeaway. Get a custom quote, free design support, and free shipping.","Handle tall burgers with sleeves built for grip and structure during takeaway. Get a custom quote, free design support, and free shipping.",preserved from live,https://theburgersleeves.com/product/large-burger-sleeves/,https://theburgersleeves.com/product/large-burger-sleeves/,exact,Large Burger Sleeves,Large Burger Sleeves,unchanged
/product/logo-printed-burger-sleeves/,Logo Printed Burger Sleeves | Clean Spacing | The Burger Sleeves,Logo Printed Burger Sleeves | Clean Spacing | The Burger Sleeves,exact,"Free artwork help and quick pricing for logo printed burger sleeves with sharp placement, clean spacing, and paper or barrier options with stable folds.","Free artwork help and quick pricing for logo printed burger sleeves with sharp placement, clean spacing, and paper or barrier options with stable folds.",preserved from live,https://theburgersleeves.com/product/logo-printed-burger-sleeves/,https://theburgersleeves.com/product/logo-printed-burger-sleeves/,exact,Logo Printed Burger Sleeves,Logo Printed Burger Sleeves,unchanged
/product/matte-finish-burger-sleeves/,Matte Burger Sleeves | Smooth Print | The Burger Sleeves,Matte Burger Sleeves | Smooth Print | The Burger Sleeves,exact,"Matte finish burger sleeves with low shine surface, sturdy paperboard, and grease control for clean handling and print clarity. Free design and shipping.","Matte finish burger sleeves with low shine surface, sturdy paperboard, and grease control for clean handling and print clarity. Free design and shipping.",preserved from live,https://theburgersleeves.com/product/matte-finish-burger-sleeves/,https://theburgersleeves.com/product/matte-finish-burger-sleeves/,exact,Matte Finish Burger Sleeves,Matte Finish Burger Sleeves,unchanged
/product/medium-burger-sleeves/,Daily Service Burger Sleeves | Medium Size Fit | TBS,Daily Service Burger Sleeves | Medium Size Fit | TBS,exact,"Custom quote, free design, and free shipping on medium burger sleeves for regular burgers with balanced grip, wrap control, and clean presentation.","Custom quote, free design, and free shipping on medium burger sleeves for regular burgers with balanced grip, wrap control, and clean presentation.",preserved from live,https://theburgersleeves.com/product/medium-burger-sleeves/,https://theburgersleeves.com/product/medium-burger-sleeves/,exact,Medium Burger Sleeves,Medium Burger Sleeves,unchanged
/product/minimal-design-burger-sleeves/,Minimal Design Burger Sleeves | Clean Branding | TBS,Minimal Design Burger Sleeves | Clean Branding | TBS,exact,"Minimal design burger sleeves with open print space and sturdy board for tidy wraps. Free quote, custom design, and free delivery included for bulk orders.","Minimal design burger sleeves with open print space and sturdy board for tidy wraps. Free quote, custom design, and free delivery included for bulk orders.",preserved from live,https://theburgersleeves.com/product/minimal-design-burger-sleeves/,https://theburgersleeves.com/product/minimal-design-burger-sleeves/,exact,Minimal Design Burger Sleeves,Minimal Design Burger Sleeves,unchanged
/product/paper-burger-sleeves/,Paper Burger Sleeves | Food Grade Board | The Burger Sleeves,Paper Burger Sleeves | Food Grade Board | The Burger Sleeves,exact,"Paper burger sleeves made from food grade board for steady holding, clean handoff, and controlled wrap in takeaway service. Free shipping and design help.","Paper burger sleeves made from food grade board for steady holding, clean handoff, and controlled wrap in takeaway service. Free shipping and design help.",preserved from live,https://theburgersleeves.com/product/paper-burger-sleeves/,https://theburgersleeves.com/product/paper-burger-sleeves/,exact,Paper Burger Sleeves,Paper Burger Sleeves,unchanged
/product/printed-burger-sleeves/,Printed Burger Sleeves | Brand Printed Burger Paper Sleeves,Printed Burger Sleeves | Brand Printed Burger Paper Sleeves,exact,"Printed burger sleeves for clear branding and order communication. Supports logo blocks, patterns, and readable text areas.","Printed burger sleeves for clear branding and order communication. Supports logo blocks, patterns, and readable text areas.",preserved from live,https://theburgersleeves.com/product/printed-burger-sleeves/,https://theburgersleeves.com/product/printed-burger-sleeves/,exact,Printed Burger Sleeves,Printed Burger Sleeves,unchanged
/product/promotional-burger-sleeves/,Promotional Burger Sleeves Packaging | The Burger Sleeves,Promotional Burger Sleeves Packaging | The Burger Sleeves,exact,"Promotional burger sleeves packaging for branded campaigns with clean grip support, grease control options, custom printing, and reliable fit for burgers.","Promotional burger sleeves packaging for branded campaigns with clean grip support, grease control options, custom printing, and reliable fit for burgers.",preserved from live,https://theburgersleeves.com/product/promotional-burger-sleeves/,https://theburgersleeves.com/product/promotional-burger-sleeves/,exact,Promotional Burger Sleeves,Promotional Burger Sleeves,unchanged
/product/recycled-burger-sleeves/,Recycled Burger Sleeves | Eco Board | The Burger Sleeves,Recycled Burger Sleeves | Eco Board | The Burger Sleeves,exact,Recycled burger sleeves made from recycled board for steady grip and neat wrap control across counters and takeaway. Free shipping and artwork help.,Recycled burger sleeves made from recycled board for steady grip and neat wrap control across counters and takeaway. Free shipping and artwork help.,preserved from live,https://theburgersleeves.com/product/recycled-burger-sleeves/,https://theburgersleeves.com/product/recycled-burger-sleeves/,exact,Recycled Burger Sleeves,Recycled Burger Sleeves,unchanged
/product/restaurant-burger-sleeves/,Restaurant Burger Sleeves | Quick Service | The Burger Sleeves,Restaurant Burger Sleeves | Quick Service | The Burger Sleeves,exact,Get pricing for restaurant burger sleeves built for fast packing with clean grip and stable hold. Artwork support and free shipping available.,Get pricing for restaurant burger sleeves built for fast packing with clean grip and stable hold. Artwork support and free shipping available.,preserved from live,https://theburgersleeves.com/product/restaurant-burger-sleeves/,https://theburgersleeves.com/product/restaurant-burger-sleeves/,exact,Restaurant Burger Sleeves,Restaurant Burger Sleeves,unchanged
/product/slider-burger-sleeves/,Mini Burger Sleeves | Slider Packaging Fit | The Burger Sleeves,Mini Burger Sleeves | Slider Packaging Fit | The Burger Sleeves,exact,"Double patty burger sleeves for taller builds with stronger board options and optional barrier support to keep heavy wraps stable, Free shipping.","Double patty burger sleeves for taller builds with stronger board options and optional barrier support to keep heavy wraps stable, Free shipping.",preserved from live,https://theburgersleeves.com/product/slider-burger-sleeves/,https://theburgersleeves.com/product/slider-burger-sleeves/,exact,Slider Burger Sleeves,Slider Burger Sleeves,unchanged
/product/small-burger-sleeves/,Sliders Packaging Sleeves | Small Burger Sleeves | TBS,Sliders Packaging Sleeves | Small Burger Sleeves | TBS,exact,Small burger sleeves for mini burgers and sliders with neat grip control and clean tray presentation for sampler menus and events. Free design and shipping.,Small burger sleeves for mini burgers and sliders with neat grip control and clean tray presentation for sampler menus and events. Free design and shipping.,preserved from live,https://theburgersleeves.com/product/small-burger-sleeves/,https://theburgersleeves.com/product/small-burger-sleeves/,exact,Small Burger Sleeves,Small Burger Sleeves,unchanged
/product/street-food-burger-sleeves/,Street Food Burger Sleeves | Busy Counters | The Burger Sleeves,Street Food Burger Sleeves | Busy Counters | The Burger Sleeves,exact,"Street food burger sleeves for outdoor service with quick fit, clean grip, and grease control, plus custom artwork support and free shipping.","Street food burger sleeves for outdoor service with quick fit, clean grip, and grease control, plus custom artwork support and free shipping.",preserved from live,https://theburgersleeves.com/product/street-food-burger-sleeves/,https://theburgersleeves.com/product/street-food-burger-sleeves/,exact,Street Food Burger Sleeves,Street Food Burger Sleeves,unchanged
/product/takeaway-burger-sleeves/,Takeaway Burger Sleeves | On The Go | The Burger Sleeves,Takeaway Burger Sleeves | On The Go | The Burger Sleeves,exact,"Get a quick quote for takeaway burger sleeves built for easy carry with secure grip, oil control, and labeling space, plus free shipping.","Get a quick quote for takeaway burger sleeves built for easy carry with secure grip, oil control, and labeling space, plus free shipping.",preserved from live,https://theburgersleeves.com/product/takeaway-burger-sleeves/,https://theburgersleeves.com/product/takeaway-burger-sleeves/,exact,Takeaway Burger Sleeves,Takeaway Burger Sleeves,unchanged
/product/white-burger-sleeves/,White Burger Sleeves | Sharp Logo Print | The Burger Sleeves,White Burger Sleeves | Sharp Logo Print | The Burger Sleeves,exact,Free design support for white burger sleeves built for crisp logo print and neat presentation. Request a custom quote and free shipping.,Free design support for white burger sleeves built for crisp logo print and neat presentation. Request a custom quote and free shipping.,preserved from live,https://theburgersleeves.com/product/white-burger-sleeves/,https://theburgersleeves.com/product/white-burger-sleeves/,exact,White Burger Sleeves,White Burger Sleeves,unchanged
/product/white-printed-burger-sleeves/,White Printed Burger Sleeves | Clean Look Burger Sleeves | TBS,White Printed Burger Sleeves | Clean Look Burger Sleeves | TBS,exact,"White printed burger sleeves for clean, bright presentation and strong contrast printing. Paper or barrier options flat packs.","White printed burger sleeves for clean, bright presentation and strong contrast printing. Paper or barrier options flat packs.",preserved from live,https://theburgersleeves.com/product/white-printed-burger-sleeves/,https://theburgersleeves.com/product/white-printed-burger-sleeves/,exact,White Printed Burger Sleeves,White Printed Burger Sleeves,unchanged
/refund_returns/,Refund and Returns Policy - The Burger Sleeves,Refund and Returns Policy - The Burger Sleeves,exact,,"When refunds or replacements apply to custom and stock burger sleeve orders, and how to report a problem with a delivery.",authored fallback (live had none),https://theburgersleeves.com/refund_returns/,https://theburgersleeves.com/refund_returns/,exact,Refund and Returns Policy,Refund and Returns Policy,unchanged
/shipping-policy/,Shipping Policy - The Burger Sleeves,Shipping Policy - The Burger Sleeves,exact,,"Order processing times, worldwide delivery, tracking and what to do if a burger sleeve shipment is delayed or damaged.",authored fallback (live had none),https://theburgersleeves.com/shipping-policy/,https://theburgersleeves.com/shipping-policy/,exact,Shipping Policy,Shipping Policy,unchanged
/shop/,Shop - The Burger Sleeves,Shop - The Burger Sleeves,exact,,"Browse all 44 custom burger sleeves — kraft, printed, die-cut and sized options for restaurants, food trucks and cafes.",authored fallback (live had none),https://theburgersleeves.com/shop/,https://theburgersleeves.com/shop/,exact,Shop,Shop,unchanged
/terms-and-conditions/,Terms and Conditions - The Burger Sleeves,Terms and Conditions - The Burger Sleeves,exact,,The terms that apply when you order custom burger sleeve packaging from The Burger Sleeves or use this website.,authored fallback (live had none),https://theburgersleeves.com/terms-and-conditions/,https://theburgersleeves.com/terms-and-conditions/,exact,Terms and Conditions,Terms and Conditions,unchanged
/thank-you/,Thank You - The Burger Sleeves,Thank You - The Burger Sleeves,exact,,Your message has been delivered to our sales department.,authored fallback (live had none),,https://theburgersleeves.com/thank-you/,DIFFERS,(none on live),Thank You,added (live page had no H1)
/shop/page/2/,Shop - Page 2 of 3 - The Burger Sleeves,Shop - Page 2 of 3 - The Burger Sleeves,exact,,"Browse all 44 custom burger sleeves — kraft, printed, die-cut and sized options for restaurants, food trucks and cafes.",authored fallback (live had none),https://theburgersleeves.com/shop/page/2/,https://theburgersleeves.com/shop/page/2/,exact,Shop,Shop,unchanged
/shop/page/3/,Shop - Page 3 of 3 - The Burger Sleeves,Shop - Page 3 of 3 - The Burger Sleeves,exact,,"Browse all 44 custom burger sleeves — kraft, printed, die-cut and sized options for restaurants, food trucks and cafes.",authored fallback (live had none),https://theburgersleeves.com/shop/page/3/,https://theburgersleeves.com/shop/page/3/,exact,Shop,Shop,unchanged
/brand/the-burger-sleeves/page/2/,The Burger Sleeves Archives - Page 2 of 3 - The Burger Sleeves,The Burger Sleeves Archives - Page 2 of 3 - The Burger Sleeves,exact,,"Every burger sleeve made by The Burger Sleeves: custom printed, kraft, black, white and die-cut packaging for food service.",authored fallback (live had none),https://theburgersleeves.com/brand/the-burger-sleeves/page/2/,https://theburgersleeves.com/brand/the-burger-sleeves/page/2/,exact,The Burger Sleeves,The Burger Sleeves,unchanged
/brand/the-burger-sleeves/page/3/,The Burger Sleeves Archives - Page 3 of 3 - The Burger Sleeves,The Burger Sleeves Archives - Page 3 of 3 - The Burger Sleeves,exact,,"Every burger sleeve made by The Burger Sleeves: custom printed, kraft, black, white and die-cut packaging for food service.",authored fallback (live had none),https://theburgersleeves.com/brand/the-burger-sleeves/page/3/,https://theburgersleeves.com/brand/the-burger-sleeves/page/3/,exact,The Burger Sleeves,The Burger Sleeves,unchanged
