source_url,destination_url,anchor_text,section_heading,link_type,http_status,source_field
https://theburgersleeves.com/product/kraft-burger-sleeves/,/product-category/burger-sleeves-materials/,kraft paper sleeve construction,Kraft Burger Sleeves That Deliver A Warm Stock Feel,contextual,200,"product-content.json > TBS-001 (pre-upgrade snapshot, commit 57aa049)"
https://theburgersleeves.com/product/kraft-burger-sleeves/,/product/paper-burger-sleeves/,paper wrap sleeve stock,Kraft Burger Sleeves That Deliver A Warm Stock Feel,contextual,200,"product-content.json > TBS-001 (pre-upgrade snapshot, commit 57aa049)"
https://theburgersleeves.com/product/kraft-burger-sleeves/,/product/recycled-burger-sleeves/,recycled material alternative,Kraft Sleeves That Pair With Menu Material Planning,contextual,200,"product-content.json > TBS-001 (pre-upgrade snapshot, commit 57aa049)"
https://theburgersleeves.com/product/kraft-burger-sleeves/,/product/corrugated-burger-sleeves/,structured layer support,Kraft Sleeves That Pair With Menu Material Planning,contextual,200,"product-content.json > TBS-001 (pre-upgrade snapshot, commit 57aa049)"
https://theburgersleeves.com/product/cardboard-burger-sleeves/,/product-category/burger-sleeves-materials/,paperboard sleeve strength options,Cardboard Burger Sleeves For Strong Daily Protection,contextual,200,"product-content.json > TBS-002 (pre-upgrade snapshot, commit 57aa049)"
https://theburgersleeves.com/product/cardboard-burger-sleeves/,/product/corrugated-burger-sleeves/,reinforced layer structure,Cardboard Burger Sleeves For Strong Daily Protection,contextual,200,"product-content.json > TBS-002 (pre-upgrade snapshot, commit 57aa049)"
https://theburgersleeves.com/product/cardboard-burger-sleeves/,/product/kraft-burger-sleeves/,kraft paper finish,Cardboard Sleeves That Keep Stations Consistent,contextual,200,"product-content.json > TBS-002 (pre-upgrade snapshot, commit 57aa049)"
https://theburgersleeves.com/product/cardboard-burger-sleeves/,/product/paper-burger-sleeves/,paper based sleeve stock,Cardboard Sleeves That Keep Stations Consistent,contextual,200,"product-content.json > TBS-002 (pre-upgrade snapshot, commit 57aa049)"
https://theburgersleeves.com/product/paper-burger-sleeves/,/product-category/burger-sleeves-materials/,paper stock sleeve formats,Paper Burger Sleeves For Clean Wrap Control,contextual,200,"product-content.json > TBS-003 (pre-upgrade snapshot, commit 57aa049)"
https://theburgersleeves.com/product/paper-burger-sleeves/,/product/kraft-burger-sleeves/,kraft paper build,Paper Burger Sleeves For Clean Wrap Control,contextual,200,"product-content.json > TBS-003 (pre-upgrade snapshot, commit 57aa049)"
https://theburgersleeves.com/product/paper-burger-sleeves/,/product/recycled-burger-sleeves/,recycled paper choice,Paper Sleeves That Balance Flex And Support,contextual,200,"product-content.json > TBS-003 (pre-upgrade snapshot, commit 57aa049)"
https://theburgersleeves.com/product/paper-burger-sleeves/,/product/cardboard-burger-sleeves/,paperboard strength option,Paper Sleeves That Balance Flex And Support,contextual,200,"product-content.json > TBS-003 (pre-upgrade snapshot, commit 57aa049)"
https://theburgersleeves.com/product/corrugated-burger-sleeves/,/product-category/burger-sleeves-materials/,structured sleeve material builds,Corrugated Burger Sleeves For Stronger Shape Hold,contextual,200,"product-content.json > TBS-004 (pre-upgrade snapshot, commit 57aa049)"
https://theburgersleeves.com/product/corrugated-burger-sleeves/,/product/cardboard-burger-sleeves/,rigid sleeve support,Corrugated Burger Sleeves For Stronger Shape Hold,contextual,200,"product-content.json > TBS-004 (pre-upgrade snapshot, commit 57aa049)"
https://theburgersleeves.com/product/corrugated-burger-sleeves/,/product/kraft-burger-sleeves/,kraft outer surface,Corrugated Sleeves That Keep Orders Stable In Bags,contextual,200,"product-content.json > TBS-004 (pre-upgrade snapshot, commit 57aa049)"
https://theburgersleeves.com/product/corrugated-burger-sleeves/,/product/paper-burger-sleeves/,lightweight paper stock,Corrugated Sleeves That Keep Orders Stable In Bags,contextual,200,"product-content.json > TBS-004 (pre-upgrade snapshot, commit 57aa049)"
https://theburgersleeves.com/product/recycled-burger-sleeves/,/product-category/burger-sleeves-materials/,material based burger sleeve options,Recycled Burger Sleeves That Keep Service Clean,contextual,200,"product-content.json > TBS-005 (pre-upgrade snapshot, commit 57aa049)"
https://theburgersleeves.com/product/recycled-burger-sleeves/,/product/eco-friendly-burger-sleeves/,lower impact material choice,Recycled Burger Sleeves That Keep Service Clean,contextual,200,"product-content.json > TBS-005 (pre-upgrade snapshot, commit 57aa049)"
https://theburgersleeves.com/product/recycled-burger-sleeves/,/product/kraft-burger-sleeves/,kraft paper stock build,Recycled Sleeves That Support Menu Consistency,contextual,200,"product-content.json > TBS-005 (pre-upgrade snapshot, commit 57aa049)"
https://theburgersleeves.com/product/recycled-burger-sleeves/,/product/paper-burger-sleeves/,paper based wrap material,Recycled Sleeves That Support Menu Consistency,contextual,200,"product-content.json > TBS-005 (pre-upgrade snapshot, commit 57aa049)"
https://theburgersleeves.com/product/eco-friendly-burger-sleeves/,/product-category/burger-sleeves-materials/,eco focused sleeve materials,Eco Friendly Burger Sleeves That Match Daily Demand,contextual,200,"product-content.json > TBS-006 (pre-upgrade snapshot, commit 57aa049)"
https://theburgersleeves.com/product/eco-friendly-burger-sleeves/,/product/recycled-burger-sleeves/,recycled paper sleeve stock,Eco Friendly Burger Sleeves That Match Daily Demand,contextual,200,"product-content.json > TBS-006 (pre-upgrade snapshot, commit 57aa049)"
https://theburgersleeves.com/product/eco-friendly-burger-sleeves/,/product/kraft-burger-sleeves/,kraft paper surface look,Eco Sleeves That Fit Material Families,contextual,200,"product-content.json > TBS-006 (pre-upgrade snapshot, commit 57aa049)"
https://theburgersleeves.com/product/eco-friendly-burger-sleeves/,/product/kraft-burger-sleeves/,stiffer paperboard build,Eco Sleeves That Fit Material Families,contextual,200,"product-content.json > TBS-006 (pre-upgrade snapshot, commit 57aa049)"
https://theburgersleeves.com/product/small-burger-sleeves/,/product-category/burger-sleeves-sizes/,compact burger sleeve sizes,Small Burger Sleeves That Keep Portions Neat And Tight,contextual,200,"product-content.json > TBS-023 (pre-upgrade snapshot, commit 57aa049)"
https://theburgersleeves.com/product/small-burger-sleeves/,/product/slider-burger-sleeves/,mini burger sizing,Small Burger Sleeves That Keep Portions Neat And Tight,contextual,200,"product-content.json > TBS-023 (pre-upgrade snapshot, commit 57aa049)"
https://theburgersleeves.com/product/small-burger-sleeves/,/product/medium-burger-sleeves/,mid size wrap coverage,Small Sleeves That Support A Clean Size System,contextual,200,"product-content.json > TBS-023 (pre-upgrade snapshot, commit 57aa049)"
https://theburgersleeves.com/product/small-burger-sleeves/,/product/large-burger-sleeves/,bigger wrap coverage for premium builds,Small Sleeves That Support A Clean Size System,contextual,200,"product-content.json > TBS-023 (pre-upgrade snapshot, commit 57aa049)"
https://theburgersleeves.com/product/medium-burger-sleeves/,/product-category/burger-sleeves-sizes/,standard burger sleeve sizing,Medium Burger Sleeves That Keep Wraps Neat Daily,contextual,200,"product-content.json > TBS-024 (pre-upgrade snapshot, commit 57aa049)"
https://theburgersleeves.com/product/medium-burger-sleeves/,/product/small-burger-sleeves/,compact wrap coverage,Medium Burger Sleeves That Keep Wraps Neat Daily,contextual,200,"product-content.json > TBS-024 (pre-upgrade snapshot, commit 57aa049)"
https://theburgersleeves.com/product/medium-burger-sleeves/,/product/large-burger-sleeves/,expanded wrap space,Medium Sleeves That Help Stations Stay Organized,contextual,200,"product-content.json > TBS-024 (pre-upgrade snapshot, commit 57aa049)"
https://theburgersleeves.com/product/medium-burger-sleeves/,/product/slider-burger-sleeves/,mini serving sleeves,Medium Sleeves That Help Stations Stay Organized,contextual,200,"product-content.json > TBS-024 (pre-upgrade snapshot, commit 57aa049)"
https://theburgersleeves.com/product/large-burger-sleeves/,/product/slider-burger-sleeves/,large format burger sleeve options,Large Burger Sleeves For Smooth Takeaway Handling,contextual,200,"product-content.json > TBS-025 (pre-upgrade snapshot, commit 57aa049)"
https://theburgersleeves.com/product/large-burger-sleeves/,/product/jumbo-burger-sleeves/,oversized wrap coverage,Large Burger Sleeves For Smooth Takeaway Handling,contextual,200,"product-content.json > TBS-025 (pre-upgrade snapshot, commit 57aa049)"
https://theburgersleeves.com/product/large-burger-sleeves/,/product/medium-burger-sleeves/,standard service sizing,Large Sleeves That Keep Stations Easy To Organize,contextual,200,"product-content.json > TBS-025 (pre-upgrade snapshot, commit 57aa049)"
https://theburgersleeves.com/product/large-burger-sleeves/,/product/double-patty-burger-sleeves/,extra thickness coverage,Large Sleeves That Keep Stations Easy To Organize,contextual,200,"product-content.json > TBS-025 (pre-upgrade snapshot, commit 57aa049)"
https://theburgersleeves.com/product/jumbo-burger-sleeves/,/product/medium-burger-sleeves/,larger burger sleeve sizing,Jumbo Burger Sleeves Designed For Tall Menu Builds,contextual,200,"product-content.json > TBS-026 (pre-upgrade snapshot, commit 57aa049)"
https://theburgersleeves.com/product/jumbo-burger-sleeves/,/product/double-patty-burger-sleeves/,support for thicker burgers,Jumbo Burger Sleeves Designed For Tall Menu Builds,contextual,200,"product-content.json > TBS-026 (pre-upgrade snapshot, commit 57aa049)"
https://theburgersleeves.com/product/jumbo-burger-sleeves/,/product/large-burger-sleeves/,wide wrap coverage,Jumbo Sleeves That Keep Big Orders Easy To Sort,contextual,200,"product-content.json > TBS-026 (pre-upgrade snapshot, commit 57aa049)"
https://theburgersleeves.com/product/jumbo-burger-sleeves/,/product/slider-burger-sleeves/,smaller format sizing,Menu Size Mapping That Keeps Service Predictable,contextual,200,"product-content.json > TBS-026 (pre-upgrade snapshot, commit 57aa049)"
https://theburgersleeves.com/product/slider-burger-sleeves/,/product-category/burger-sleeves-sizes/,small portion sleeve sizing,Slider Burger Sleeves For Quick Small-Order Runs,contextual,200,"product-content.json > TBS-027 (pre-upgrade snapshot, commit 57aa049)"
https://theburgersleeves.com/product/slider-burger-sleeves/,/product/small-burger-sleeves/,compact wrap coverage,Slider Burger Sleeves For Quick Small-Order Runs,contextual,200,"product-content.json > TBS-027 (pre-upgrade snapshot, commit 57aa049)"
https://theburgersleeves.com/product/slider-burger-sleeves/,/product/medium-burger-sleeves/,everyday service size,Slider Sleeves That Keep Stations And Trays In Order,contextual,200,"product-content.json > TBS-027 (pre-upgrade snapshot, commit 57aa049)"
https://theburgersleeves.com/product/slider-burger-sleeves/,/product/large-burger-sleeves/,larger wrap space for upgrades,Slider Sleeves That Keep Stations And Trays In Order,contextual,200,"product-content.json > TBS-027 (pre-upgrade snapshot, commit 57aa049)"
https://theburgersleeves.com/product/double-patty-burger-sleeves/,/product-category/burger-sleeves-sizes/,burger sleeve size range,Double Patty Burger Sleeves Built For Taller Wraps,contextual,200,"product-content.json > TBS-028 (pre-upgrade snapshot, commit 57aa049)"
https://theburgersleeves.com/product/double-patty-burger-sleeves/,/product/jumbo-burger-sleeves/,extra coverage for thicker builds,Double Patty Burger Sleeves Built For Taller Wraps,contextual,200,"product-content.json > TBS-028 (pre-upgrade snapshot, commit 57aa049)"
https://theburgersleeves.com/product/double-patty-burger-sleeves/,/product/large-burger-sleeves/,roomier wrap coverage,Double Patty Sleeves That Keep Orders Organized,contextual,200,"product-content.json > TBS-028 (pre-upgrade snapshot, commit 57aa049)"
https://theburgersleeves.com/product/double-patty-burger-sleeves/,/product/medium-burger-sleeves/,balanced fit for regular servings,Double Patty Sleeves That Keep Orders Organized,contextual,200,"product-content.json > TBS-028 (pre-upgrade snapshot, commit 57aa049)"
https://theburgersleeves.com/product/matte-finish-burger-sleeves/,/product-category/burger-sleeves-styles/,low glare sleeve finish,Matte Finish Burger Sleeves For Smooth Surface Handling,contextual,200,"product-content.json > TBS-032 (pre-upgrade snapshot, commit 57aa049)"
https://theburgersleeves.com/product/matte-finish-burger-sleeves/,/product/white-burger-sleeves/,White Printed Burger Sleeves,Print Stability And Visual Clarity In Matte Sleeves,contextual,200,"product-content.json > TBS-032 (pre-upgrade snapshot, commit 57aa049)"
https://theburgersleeves.com/product/matte-finish-burger-sleeves/,/product/branded-burger-sleeves/,Branded Burger Sleeves,Handling Experience During High Volume Service,contextual,200,"product-content.json > TBS-032 (pre-upgrade snapshot, commit 57aa049)"
https://theburgersleeves.com/product/matte-finish-burger-sleeves/,/product/black-burger-sleeves/,Black Printed Burger Sleeves,Handling Experience During High Volume Service,contextual,200,"product-content.json > TBS-032 (pre-upgrade snapshot, commit 57aa049)"
https://theburgersleeves.com/product/printed-burger-sleeves/,/product-category/customized-burger-sleeves/,custom print sleeve options,Printed Burger Sleeves That Keep Branding Consistent,contextual,200,"product-content.json > TBS-016 (pre-upgrade snapshot, commit 57aa049)"
https://theburgersleeves.com/product/printed-burger-sleeves/,/product/branded-burger-sleeves/,brand led sleeve layouts,Printed Burger Sleeves That Keep Branding Consistent,contextual,200,"product-content.json > TBS-016 (pre-upgrade snapshot, commit 57aa049)"
https://theburgersleeves.com/product/printed-burger-sleeves/,/product/logo-printed-burger-sleeves/,logo placement focused prints,Printed Sleeves That Support Clear Logo Placement,contextual,200,"product-content.json > TBS-016 (pre-upgrade snapshot, commit 57aa049)"
https://theburgersleeves.com/product/printed-burger-sleeves/,/product/full-color-burger-sleeves/,full artwork coverage,Printed Sleeves That Support Clear Logo Placement,contextual,200,"product-content.json > TBS-016 (pre-upgrade snapshot, commit 57aa049)"
https://theburgersleeves.com/product/restaurant-burger-sleeves/,/product-category/special-sleeves-uses/,restaurant service sleeve options,Restaurant Burger Sleeves For Clean Table Service Flow,contextual,200,"product-content.json > TBS-035 (pre-upgrade snapshot, commit 57aa049)"
https://theburgersleeves.com/product/restaurant-burger-sleeves/,/product/cafe-burger-sleeves/,counter service use,Restaurant Burger Sleeves For Clean Table Service Flow,contextual,200,"product-content.json > TBS-035 (pre-upgrade snapshot, commit 57aa049)"
https://theburgersleeves.com/product/restaurant-burger-sleeves/,/product/street-food-burger-sleeves/,fast paced serving,Restaurant Sleeves That Support Fast Floor Delivery,contextual,200,"product-content.json > TBS-035 (pre-upgrade snapshot, commit 57aa049)"
https://theburgersleeves.com/product/restaurant-burger-sleeves/,/product/event-burger-sleeves/,large batch service,Restaurant Sleeves That Support Fast Floor Delivery,contextual,200,"product-content.json > TBS-035 (pre-upgrade snapshot, commit 57aa049)"
https://theburgersleeves.com/product/food-truck-burger-sleeves/,/product-category/special-sleeves-uses/,mobile service sleeve formats,Food Truck Burger Sleeves That Match Road Service Pace,contextual,200,"product-content.json > TBS-036 (pre-upgrade snapshot, commit 57aa049)"
https://theburgersleeves.com/product/food-truck-burger-sleeves/,/product/restaurant-burger-sleeves/,kitchen to counter flow,Food Truck Burger Sleeves That Match Road Service Pace,contextual,200,"product-content.json > TBS-036 (pre-upgrade snapshot, commit 57aa049)"
https://theburgersleeves.com/product/food-truck-burger-sleeves/,/product/street-food-burger-sleeves/,fast handoff packaging,Food Truck Sleeves That Support Fast Service Bundles,contextual,200,"product-content.json > TBS-036 (pre-upgrade snapshot, commit 57aa049)"
https://theburgersleeves.com/product/food-truck-burger-sleeves/,/product/promotional-burger-sleeves/,campaign ready wrapping,Food Truck Sleeves That Support Fast Service Bundles,contextual,200,"product-content.json > TBS-036 (pre-upgrade snapshot, commit 57aa049)"
https://theburgersleeves.com/product/cafe-burger-sleeves/,/product-category/special-sleeves-uses/,use based burger sleeve options,Cafe Burger Sleeves Built For Counter Rhythm,contextual,200,"product-content.json > TBS-037 (pre-upgrade snapshot, commit 57aa049)"
https://theburgersleeves.com/product/cafe-burger-sleeves/,/product/restaurant-burger-sleeves/,front counter service use,Cafe Burger Sleeves Built For Counter Rhythm,contextual,200,"product-content.json > TBS-037 (pre-upgrade snapshot, commit 57aa049)"
https://theburgersleeves.com/product/cafe-burger-sleeves/,/product/food-truck-burger-sleeves/,mobile service sleeves,Cafe Sleeves That Keep Mixed Orders Organized,contextual,200,"product-content.json > TBS-037 (pre-upgrade snapshot, commit 57aa049)"
https://theburgersleeves.com/product/cafe-burger-sleeves/,/product/event-burger-sleeves/,high volume service handling,Cafe Sleeves That Keep Mixed Orders Organized,contextual,200,"product-content.json > TBS-037 (pre-upgrade snapshot, commit 57aa049)"
https://theburgersleeves.com/product/street-food-burger-sleeves/,/product-category/special-sleeves-uses/,quick serve sleeve use cases,Street Food Burger Sleeves For Rapid Grab And Go,contextual,200,"product-content.json > TBS-038 (pre-upgrade snapshot, commit 57aa049)"
https://theburgersleeves.com/product/street-food-burger-sleeves/,/product/food-truck-burger-sleeves/,mobile serving routines,Street Food Burger Sleeves For Rapid Grab And Go,contextual,200,"product-content.json > TBS-038 (pre-upgrade snapshot, commit 57aa049)"
https://theburgersleeves.com/product/street-food-burger-sleeves/,/product/event-burger-sleeves/,high volume handoff,Street Food Sleeves That Hold Up In High Turnover,contextual,200,"product-content.json > TBS-038 (pre-upgrade snapshot, commit 57aa049)"
https://theburgersleeves.com/product/street-food-burger-sleeves/,/product/restaurant-burger-sleeves/,kitchen ready presentation,Street Food Sleeves That Hold Up In High Turnover,contextual,200,"product-content.json > TBS-038 (pre-upgrade snapshot, commit 57aa049)"
https://theburgersleeves.com/product/promotional-burger-sleeves/,/product-category/special-sleeves-uses/,campaign focused sleeve use cases,Promotional Burger Sleeves That Carry Messaging Clearly,contextual,200,"product-content.json > TBS-039 (pre-upgrade snapshot, commit 57aa049)"
https://theburgersleeves.com/product/promotional-burger-sleeves/,/product/cafe-burger-sleeves/,daily counter branding use,Promotional Burger Sleeves That Carry Messaging Clearly,contextual,200,"product-content.json > TBS-039 (pre-upgrade snapshot, commit 57aa049)"
https://theburgersleeves.com/product/promotional-burger-sleeves/,/product/event-burger-sleeves/,bulk service distribution,Promotional Sleeves That Stay Consistent In Bulk Runs,contextual,200,"product-content.json > TBS-039 (pre-upgrade snapshot, commit 57aa049)"
https://theburgersleeves.com/product/promotional-burger-sleeves/,/product/restaurant-burger-sleeves/,consistent dine in presentation,Promotional Sleeves That Stay Consistent In Bulk Runs,contextual,200,"product-content.json > TBS-039 (pre-upgrade snapshot, commit 57aa049)"
https://theburgersleeves.com/product/event-burger-sleeves/,/product-category/special-sleeves-uses/,service setting sleeve choices,Event Burger Sleeves For Crowd Speed And Control,contextual,200,"product-content.json > TBS-040 (pre-upgrade snapshot, commit 57aa049)"
https://theburgersleeves.com/product/event-burger-sleeves/,/product/street-food-burger-sleeves/,quick handoff service,Event Burger Sleeves For Crowd Speed And Control,contextual,200,"product-content.json > TBS-040 (pre-upgrade snapshot, commit 57aa049)"
https://theburgersleeves.com/product/event-burger-sleeves/,/product/promotional-burger-sleeves/,brand visibility during campaigns,Event Sleeves That Support Campaign And Signage,contextual,200,"product-content.json > TBS-040 (pre-upgrade snapshot, commit 57aa049)"
https://theburgersleeves.com/product/event-burger-sleeves/,/product/cafe-burger-sleeves/,counter service sleeves,Event Sleeves That Support Campaign And Signage,contextual,200,"product-content.json > TBS-040 (pre-upgrade snapshot, commit 57aa049)"
(data) categories.json,/product-category/burger-sleeves-combo/,Burger Sleeves Combo,categories.json[0].url,navigation/data,200,categories.json > categories.json[0].url
(data) categories.json,/product-category/burger-sleeves-materials/,Burger Sleeves Materials,categories.json[1].url,navigation/data,200,categories.json > categories.json[1].url
(data) categories.json,/product-category/burger-sleeves-sizes/,Burger Sleeves Sizes,categories.json[2].url,navigation/data,200,categories.json > categories.json[2].url
(data) categories.json,/product-category/burger-sleeves-styles/,Burger Sleeves Styles,categories.json[3].url,navigation/data,200,categories.json > categories.json[3].url
(data) categories.json,/product-category/burger-sleeves-usage/,Burger Sleeves Usage,categories.json[4].url,navigation/data,200,categories.json > categories.json[4].url
(data) categories.json,/product-category/customized-burger-sleeves/,Customized Burger Sleeves,categories.json[5].url,navigation/data,200,categories.json > categories.json[5].url
(data) categories.json,/product-category/special-sleeves-uses/,Special Sleeves Uses,categories.json[6].url,navigation/data,200,categories.json > categories.json[6].url
(data) policies.json,/,https://theburgersleeves.com/,policies.json.privacy-policy.html,html (body copy),200,policies.json > policies.json.privacy-policy.html
(data) policies.json,/,https://theburgersleeves.com/,policies.json.privacy-policy.html,html (body copy),200,policies.json > policies.json.privacy-policy.html
(data) policies.json,mailto:info@theburgersleeves.com,info@theburgersleeves.com,policies.json.privacy-policy.html,html (body copy),n/a,policies.json > policies.json.privacy-policy.html
(data) policies.json,/,https://theburgersleeves.com/,policies.json.terms-and-conditions.html,html (body copy),200,policies.json > policies.json.terms-and-conditions.html
(data) policies.json,/,https://theburgersleeves.com/,policies.json.terms-and-conditions.html,html (body copy),200,policies.json > policies.json.terms-and-conditions.html
(data) policies.json,/,https://theburgersleeves.com/,policies.json.terms-and-conditions.html,html (body copy),200,policies.json > policies.json.terms-and-conditions.html
(data) policies.json,mailto:info@theburgersleeves.com,info@theburgersleeves.com,policies.json.terms-and-conditions.html,html (body copy),n/a,policies.json > policies.json.terms-and-conditions.html
(data) policies.json,/,https://theburgersleeves.com/,policies.json.shipping-policy.html,html (body copy),200,policies.json > policies.json.shipping-policy.html
(data) policies.json,mailto:info@theburgersleeves.com,info@theburgersleeves.com,policies.json.shipping-policy.html,html (body copy),n/a,policies.json > policies.json.shipping-policy.html
(data) policies.json,/,https://theburgersleeves.com/,policies.json.refund_returns.html,html (body copy),200,policies.json > policies.json.refund_returns.html
(data) policies.json,mailto:info@theburgersleeves.com,info@theburgersleeves.com,policies.json.refund_returns.html,html (body copy),n/a,policies.json > policies.json.refund_returns.html
(data) products.json,/product/burger-and-fries-sleeves/,Burger and Fries Sleeves,products.json[0].url,navigation/data,200,products.json > products.json[0].url
(data) products.json,/product/burger-wrapping-sleeves/,Burger Wrapping Sleeves,products.json[1].url,navigation/data,200,products.json > products.json[1].url
(data) products.json,/product/burger-sandwich-sleeves/,Burger Sandwich Sleeves,products.json[2].url,navigation/data,200,products.json > products.json[2].url
(data) products.json,/product/fast-food-sleeves-packaging/,Fast Food Sleeves Packaging,products.json[3].url,navigation/data,200,products.json > products.json[3].url
(data) products.json,/product/kraft-burger-sleeves/,Kraft Burger Sleeves,products.json[4].url,navigation/data,200,products.json > products.json[4].url
(data) products.json,https://theburgersleeves.com/product-category/burger-sleeves-materials/,kraft paper sleeve construction,products.json[4].longDescriptionHtml,html (body copy),200,products.json > products.json[4].longDescriptionHtml
(data) products.json,https://theburgersleeves.com/product/paper-burger-sleeves/,paper wrap sleeve stock,products.json[4].longDescriptionHtml,html (body copy),200,products.json > products.json[4].longDescriptionHtml
(data) products.json,https://theburgersleeves.com/product/recycled-burger-sleeves/,recycled material alternative,products.json[4].longDescriptionHtml,html (body copy),200,products.json > products.json[4].longDescriptionHtml
(data) products.json,https://theburgersleeves.com/product/corrugated-burger-sleeves/,structured layer support,products.json[4].longDescriptionHtml,html (body copy),200,products.json > products.json[4].longDescriptionHtml
(data) products.json,/product/cardboard-burger-sleeves/,Cardboard Burger Sleeves,products.json[5].url,navigation/data,200,products.json > products.json[5].url
(data) products.json,https://theburgersleeves.com/product-category/burger-sleeves-materials/,paperboard sleeve strength options,products.json[5].longDescriptionHtml,html (body copy),200,products.json > products.json[5].longDescriptionHtml
(data) products.json,https://theburgersleeves.com/product/corrugated-burger-sleeves/,reinforced layer structure,products.json[5].longDescriptionHtml,html (body copy),200,products.json > products.json[5].longDescriptionHtml
(data) products.json,https://theburgersleeves.com/product/kraft-burger-sleeves/,kraft paper finish,products.json[5].longDescriptionHtml,html (body copy),200,products.json > products.json[5].longDescriptionHtml
(data) products.json,https://theburgersleeves.com/product/paper-burger-sleeves/,paper based sleeve stock,products.json[5].longDescriptionHtml,html (body copy),200,products.json > products.json[5].longDescriptionHtml
(data) products.json,/product/paper-burger-sleeves/,Paper Burger Sleeves,products.json[6].url,navigation/data,200,products.json > products.json[6].url
(data) products.json,https://theburgersleeves.com/product-category/burger-sleeves-materials/,paper stock sleeve formats,products.json[6].longDescriptionHtml,html (body copy),200,products.json > products.json[6].longDescriptionHtml
(data) products.json,https://theburgersleeves.com/product/kraft-burger-sleeves/,kraft paper build,products.json[6].longDescriptionHtml,html (body copy),200,products.json > products.json[6].longDescriptionHtml
(data) products.json,https://theburgersleeves.com/product/recycled-burger-sleeves/,recycled paper choice,products.json[6].longDescriptionHtml,html (body copy),200,products.json > products.json[6].longDescriptionHtml
(data) products.json,https://theburgersleeves.com/product/cardboard-burger-sleeves/,paperboard strength option,products.json[6].longDescriptionHtml,html (body copy),200,products.json > products.json[6].longDescriptionHtml
(data) products.json,/product/corrugated-burger-sleeves/,Corrugated Burger Sleeves,products.json[7].url,navigation/data,200,products.json > products.json[7].url
(data) products.json,https://theburgersleeves.com/product-category/burger-sleeves-materials/,structured sleeve material builds,products.json[7].longDescriptionHtml,html (body copy),200,products.json > products.json[7].longDescriptionHtml
(data) products.json,https://theburgersleeves.com/product/cardboard-burger-sleeves/,rigid sleeve support,products.json[7].longDescriptionHtml,html (body copy),200,products.json > products.json[7].longDescriptionHtml
(data) products.json,https://theburgersleeves.com/product/kraft-burger-sleeves/,kraft outer surface,products.json[7].longDescriptionHtml,html (body copy),200,products.json > products.json[7].longDescriptionHtml
(data) products.json,https://theburgersleeves.com/product/paper-burger-sleeves/,lightweight paper stock,products.json[7].longDescriptionHtml,html (body copy),200,products.json > products.json[7].longDescriptionHtml
(data) products.json,/product/recycled-burger-sleeves/,Recycled Burger Sleeves,products.json[8].url,navigation/data,200,products.json > products.json[8].url
(data) products.json,https://theburgersleeves.com/product-category/burger-sleeves-materials/,material based burger sleeve options,products.json[8].longDescriptionHtml,html (body copy),200,products.json > products.json[8].longDescriptionHtml
(data) products.json,https://theburgersleeves.com/product/eco-friendly-burger-sleeves/,lower impact material choice,products.json[8].longDescriptionHtml,html (body copy),200,products.json > products.json[8].longDescriptionHtml
(data) products.json,https://theburgersleeves.com/product/kraft-burger-sleeves/,kraft paper stock build,products.json[8].longDescriptionHtml,html (body copy),200,products.json > products.json[8].longDescriptionHtml
(data) products.json,https://theburgersleeves.com/product/paper-burger-sleeves/,paper based wrap material,products.json[8].longDescriptionHtml,html (body copy),200,products.json > products.json[8].longDescriptionHtml
(data) products.json,/product/eco-friendly-burger-sleeves/,Eco Friendly Burger Sleeves,products.json[9].url,navigation/data,200,products.json > products.json[9].url
(data) products.json,https://theburgersleeves.com/product-category/burger-sleeves-materials/,eco focused sleeve materials,products.json[9].longDescriptionHtml,html (body copy),200,products.json > products.json[9].longDescriptionHtml
(data) products.json,https://theburgersleeves.com/product/recycled-burger-sleeves/,recycled paper sleeve stock,products.json[9].longDescriptionHtml,html (body copy),200,products.json > products.json[9].longDescriptionHtml
(data) products.json,https://theburgersleeves.com/product/kraft-burger-sleeves/,kraft paper surface look,products.json[9].longDescriptionHtml,html (body copy),200,products.json > products.json[9].longDescriptionHtml
(data) products.json,https://theburgersleeves.com/product/kraft-burger-sleeves/,stiffer paperboard build,products.json[9].longDescriptionHtml,html (body copy),200,products.json > products.json[9].longDescriptionHtml
(data) products.json,/product/small-burger-sleeves/,Small Burger Sleeves,products.json[10].url,navigation/data,200,products.json > products.json[10].url
(data) products.json,https://theburgersleeves.com/product-category/burger-sleeves-sizes/,compact burger sleeve sizes,products.json[10].longDescriptionHtml,html (body copy),200,products.json > products.json[10].longDescriptionHtml
(data) products.json,https://theburgersleeves.com/product/slider-burger-sleeves/,mini burger sizing,products.json[10].longDescriptionHtml,html (body copy),200,products.json > products.json[10].longDescriptionHtml
(data) products.json,https://theburgersleeves.com/product/medium-burger-sleeves/,mid size wrap coverage,products.json[10].longDescriptionHtml,html (body copy),200,products.json > products.json[10].longDescriptionHtml
(data) products.json,https://theburgersleeves.com/product/large-burger-sleeves/,bigger wrap coverage for premium builds,products.json[10].longDescriptionHtml,html (body copy),200,products.json > products.json[10].longDescriptionHtml
(data) products.json,/product/medium-burger-sleeves/,Medium Burger Sleeves,products.json[11].url,navigation/data,200,products.json > products.json[11].url
(data) products.json,https://theburgersleeves.com/product-category/burger-sleeves-sizes/,standard burger sleeve sizing,products.json[11].longDescriptionHtml,html (body copy),200,products.json > products.json[11].longDescriptionHtml
(data) products.json,https://theburgersleeves.com/product/small-burger-sleeves/,compact wrap coverage,products.json[11].longDescriptionHtml,html (body copy),200,products.json > products.json[11].longDescriptionHtml
(data) products.json,https://theburgersleeves.com/product/large-burger-sleeves/,expanded wrap space,products.json[11].longDescriptionHtml,html (body copy),200,products.json > products.json[11].longDescriptionHtml
(data) products.json,https://theburgersleeves.com/product/slider-burger-sleeves/,mini serving sleeves,products.json[11].longDescriptionHtml,html (body copy),200,products.json > products.json[11].longDescriptionHtml
(data) products.json,/product/large-burger-sleeves/,Large Burger Sleeves,products.json[12].url,navigation/data,200,products.json > products.json[12].url
(data) products.json,https://theburgersleeves.com/product/slider-burger-sleeves/,large format burger sleeve options,products.json[12].longDescriptionHtml,html (body copy),200,products.json > products.json[12].longDescriptionHtml
(data) products.json,https://theburgersleeves.com/product/jumbo-burger-sleeves/,oversized wrap coverage,products.json[12].longDescriptionHtml,html (body copy),200,products.json > products.json[12].longDescriptionHtml
(data) products.json,https://theburgersleeves.com/product/medium-burger-sleeves/,standard service sizing,products.json[12].longDescriptionHtml,html (body copy),200,products.json > products.json[12].longDescriptionHtml
(data) products.json,https://theburgersleeves.com/product/double-patty-burger-sleeves/,extra thickness coverage,products.json[12].longDescriptionHtml,html (body copy),200,products.json > products.json[12].longDescriptionHtml
(data) products.json,/product/jumbo-burger-sleeves/,Jumbo Burger Sleeves,products.json[13].url,navigation/data,200,products.json > products.json[13].url
(data) products.json,https://theburgersleeves.com/product/medium-burger-sleeves/,larger burger sleeve sizing,products.json[13].longDescriptionHtml,html (body copy),200,products.json > products.json[13].longDescriptionHtml
(data) products.json,https://theburgersleeves.com/product/double-patty-burger-sleeves/,support for thicker burgers,products.json[13].longDescriptionHtml,html (body copy),200,products.json > products.json[13].longDescriptionHtml
(data) products.json,https://theburgersleeves.com/product/large-burger-sleeves/,wide wrap coverage,products.json[13].longDescriptionHtml,html (body copy),200,products.json > products.json[13].longDescriptionHtml
(data) products.json,https://theburgersleeves.com/product/slider-burger-sleeves/,smaller format sizing,products.json[13].longDescriptionHtml,html (body copy),200,products.json > products.json[13].longDescriptionHtml
(data) products.json,/product/slider-burger-sleeves/,Slider Burger Sleeves,products.json[14].url,navigation/data,200,products.json > products.json[14].url
(data) products.json,https://theburgersleeves.com/product-category/burger-sleeves-sizes/,small portion sleeve sizing,products.json[14].longDescriptionHtml,html (body copy),200,products.json > products.json[14].longDescriptionHtml
(data) products.json,https://theburgersleeves.com/product/small-burger-sleeves/,compact wrap coverage,products.json[14].longDescriptionHtml,html (body copy),200,products.json > products.json[14].longDescriptionHtml
(data) products.json,https://theburgersleeves.com/product/medium-burger-sleeves/,everyday service size,products.json[14].longDescriptionHtml,html (body copy),200,products.json > products.json[14].longDescriptionHtml
(data) products.json,https://theburgersleeves.com/product/large-burger-sleeves/,larger wrap space for upgrades,products.json[14].longDescriptionHtml,html (body copy),200,products.json > products.json[14].longDescriptionHtml
(data) products.json,/product/double-patty-burger-sleeves/,Double Patty Burger Sleeves,products.json[15].url,navigation/data,200,products.json > products.json[15].url
(data) products.json,https://theburgersleeves.com/product-category/burger-sleeves-sizes/,burger sleeve size range,products.json[15].longDescriptionHtml,html (body copy),200,products.json > products.json[15].longDescriptionHtml
(data) products.json,https://theburgersleeves.com/product/jumbo-burger-sleeves/,extra coverage for thicker builds,products.json[15].longDescriptionHtml,html (body copy),200,products.json > products.json[15].longDescriptionHtml
(data) products.json,https://theburgersleeves.com/product/large-burger-sleeves/,roomier wrap coverage,products.json[15].longDescriptionHtml,html (body copy),200,products.json > products.json[15].longDescriptionHtml
(data) products.json,https://theburgersleeves.com/product/medium-burger-sleeves/,balanced fit for regular servings,products.json[15].longDescriptionHtml,html (body copy),200,products.json > products.json[15].longDescriptionHtml
(data) products.json,/product/kraft-brown-burger-sleeves/,Kraft Brown Burger Sleeves,products.json[16].url,navigation/data,200,products.json > products.json[16].url
(data) products.json,/product/white-burger-sleeves/,White Burger Sleeves,products.json[17].url,navigation/data,200,products.json > products.json[17].url
(data) products.json,/product/black-burger-sleeves/,Black Burger Sleeves,products.json[18].url,navigation/data,200,products.json > products.json[18].url
(data) products.json,/product/matte-finish-burger-sleeves/,Matte Finish Burger Sleeves,products.json[19].url,navigation/data,200,products.json > products.json[19].url
(data) products.json,https://theburgersleeves.com/product-category/burger-sleeves-styles/,low glare sleeve finish,products.json[19].longDescriptionHtml,html (body copy),200,products.json > products.json[19].longDescriptionHtml
(data) products.json,https://theburgersleeves.com/product/white-burger-sleeves/,White Printed Burger Sleeves,products.json[19].longDescriptionHtml,html (body copy),200,products.json > products.json[19].longDescriptionHtml
(data) products.json,https://theburgersleeves.com/product/branded-burger-sleeves/,Branded Burger Sleeves,products.json[19].longDescriptionHtml,html (body copy),200,products.json > products.json[19].longDescriptionHtml
(data) products.json,https://theburgersleeves.com/product/black-burger-sleeves/,Black Printed Burger Sleeves,products.json[19].longDescriptionHtml,html (body copy),200,products.json > products.json[19].longDescriptionHtml
(data) products.json,/product/gloss-finish-burger-sleeves/,Gloss Finish Burger Sleeves,products.json[20].url,navigation/data,200,products.json > products.json[20].url
(data) products.json,/product/die-cut-burger-sleeves/,Die Cut Burger Sleeves,products.json[21].url,navigation/data,200,products.json > products.json[21].url
(data) products.json,/product/burger-sleeves/,Burger Sleeves,products.json[22].url,navigation/data,200,products.json > products.json[22].url
(data) products.json,/product/hamburger-sleeves/,Hamburger Sleeves,products.json[23].url,navigation/data,200,products.json > products.json[23].url
(data) products.json,/product/cheeseburger-sleeves/,Cheeseburger Sleeves,products.json[24].url,navigation/data,200,products.json > products.json[24].url
(data) products.json,/product/fast-food-burger-sleeves/,Fast Food Burger Sleeves,products.json[25].url,navigation/data,200,products.json > products.json[25].url
(data) products.json,/product/takeaway-burger-sleeves/,Takeaway Burger Sleeves,products.json[26].url,navigation/data,200,products.json > products.json[26].url
(data) products.json,/product/disposable-burger-sleeves/,Disposable Burger Sleeves,products.json[27].url,navigation/data,200,products.json > products.json[27].url
(data) products.json,/product/grease-resistant-burger-sleeves/,Grease Resistant Burger Sleeves,products.json[28].url,navigation/data,200,products.json > products.json[28].url
(data) products.json,/product/food-grade-burger-sleeves/,Food Grade Burger Sleeves,products.json[29].url,navigation/data,200,products.json > products.json[29].url
(data) products.json,/product/custom-burger-sleeves/,Custom Burger Sleeves,products.json[30].url,navigation/data,200,products.json > products.json[30].url
(data) products.json,/product/printed-burger-sleeves/,Printed Burger Sleeves,products.json[31].url,navigation/data,200,products.json > products.json[31].url
(data) products.json,https://theburgersleeves.com/product-category/customized-burger-sleeves/,custom print sleeve options,products.json[31].longDescriptionHtml,html (body copy),200,products.json > products.json[31].longDescriptionHtml
(data) products.json,https://theburgersleeves.com/product/branded-burger-sleeves/,brand led sleeve layouts,products.json[31].longDescriptionHtml,html (body copy),200,products.json > products.json[31].longDescriptionHtml
(data) products.json,https://theburgersleeves.com/product/logo-printed-burger-sleeves/,logo placement focused prints,products.json[31].longDescriptionHtml,html (body copy),200,products.json > products.json[31].longDescriptionHtml
(data) products.json,https://theburgersleeves.com/product/full-color-burger-sleeves/,full artwork coverage,products.json[31].longDescriptionHtml,html (body copy),200,products.json > products.json[31].longDescriptionHtml
(data) products.json,/product/branded-burger-sleeves/,Branded Burger Sleeves,products.json[32].url,navigation/data,200,products.json > products.json[32].url
(data) products.json,/product/logo-printed-burger-sleeves/,Logo Printed Burger Sleeves,products.json[33].url,navigation/data,200,products.json > products.json[33].url
(data) products.json,/product/full-color-burger-sleeves/,Full Color Burger Sleeves,products.json[34].url,navigation/data,200,products.json > products.json[34].url
(data) products.json,/product/black-printed-burger-sleeves/,Black Printed Burger Sleeves,products.json[35].url,navigation/data,200,products.json > products.json[35].url
(data) products.json,/product/white-printed-burger-sleeves/,White Printed Burger Sleeves,products.json[36].url,navigation/data,200,products.json > products.json[36].url
(data) products.json,/product/minimal-design-burger-sleeves/,Minimal Design Burger Sleeves,products.json[37].url,navigation/data,200,products.json > products.json[37].url
(data) products.json,/product/restaurant-burger-sleeves/,Restaurant Burger Sleeves,products.json[38].url,navigation/data,200,products.json > products.json[38].url
(data) products.json,https://theburgersleeves.com/product-category/special-sleeves-uses/,restaurant service sleeve options,products.json[38].longDescriptionHtml,html (body copy),200,products.json > products.json[38].longDescriptionHtml
(data) products.json,https://theburgersleeves.com/product/cafe-burger-sleeves/,counter service use,products.json[38].longDescriptionHtml,html (body copy),200,products.json > products.json[38].longDescriptionHtml
(data) products.json,https://theburgersleeves.com/product/street-food-burger-sleeves/,fast paced serving,products.json[38].longDescriptionHtml,html (body copy),200,products.json > products.json[38].longDescriptionHtml
(data) products.json,https://theburgersleeves.com/product/event-burger-sleeves/,large batch service,products.json[38].longDescriptionHtml,html (body copy),200,products.json > products.json[38].longDescriptionHtml
(data) products.json,/product/food-truck-burger-sleeves/,Food Truck Burger Sleeves,products.json[39].url,navigation/data,200,products.json > products.json[39].url
(data) products.json,https://theburgersleeves.com/product-category/special-sleeves-uses/,mobile service sleeve formats,products.json[39].longDescriptionHtml,html (body copy),200,products.json > products.json[39].longDescriptionHtml
(data) products.json,https://theburgersleeves.com/product/restaurant-burger-sleeves/,kitchen to counter flow,products.json[39].longDescriptionHtml,html (body copy),200,products.json > products.json[39].longDescriptionHtml
(data) products.json,https://theburgersleeves.com/product/street-food-burger-sleeves/,fast handoff packaging,products.json[39].longDescriptionHtml,html (body copy),200,products.json > products.json[39].longDescriptionHtml
(data) products.json,https://theburgersleeves.com/product/promotional-burger-sleeves/,campaign ready wrapping,products.json[39].longDescriptionHtml,html (body copy),200,products.json > products.json[39].longDescriptionHtml
(data) products.json,/product/cafe-burger-sleeves/,Cafe Burger Sleeves,products.json[40].url,navigation/data,200,products.json > products.json[40].url
(data) products.json,https://theburgersleeves.com/product-category/special-sleeves-uses/,use based burger sleeve options,products.json[40].longDescriptionHtml,html (body copy),200,products.json > products.json[40].longDescriptionHtml
(data) products.json,https://theburgersleeves.com/product/restaurant-burger-sleeves/,front counter service use,products.json[40].longDescriptionHtml,html (body copy),200,products.json > products.json[40].longDescriptionHtml
(data) products.json,https://theburgersleeves.com/product/food-truck-burger-sleeves/,mobile service sleeves,products.json[40].longDescriptionHtml,html (body copy),200,products.json > products.json[40].longDescriptionHtml
(data) products.json,https://theburgersleeves.com/product/event-burger-sleeves/,high volume service handling,products.json[40].longDescriptionHtml,html (body copy),200,products.json > products.json[40].longDescriptionHtml
(data) products.json,/product/street-food-burger-sleeves/,Street Food Burger Sleeves,products.json[41].url,navigation/data,200,products.json > products.json[41].url
(data) products.json,https://theburgersleeves.com/product-category/special-sleeves-uses/,quick serve sleeve use cases,products.json[41].longDescriptionHtml,html (body copy),200,products.json > products.json[41].longDescriptionHtml
(data) products.json,https://theburgersleeves.com/product/food-truck-burger-sleeves/,mobile serving routines,products.json[41].longDescriptionHtml,html (body copy),200,products.json > products.json[41].longDescriptionHtml
(data) products.json,https://theburgersleeves.com/product/event-burger-sleeves/,high volume handoff,products.json[41].longDescriptionHtml,html (body copy),200,products.json > products.json[41].longDescriptionHtml
(data) products.json,https://theburgersleeves.com/product/restaurant-burger-sleeves/,kitchen ready presentation,products.json[41].longDescriptionHtml,html (body copy),200,products.json > products.json[41].longDescriptionHtml
(data) products.json,/product/promotional-burger-sleeves/,Promotional Burger Sleeves,products.json[42].url,navigation/data,200,products.json > products.json[42].url
(data) products.json,https://theburgersleeves.com/product-category/special-sleeves-uses/,campaign focused sleeve use cases,products.json[42].longDescriptionHtml,html (body copy),200,products.json > products.json[42].longDescriptionHtml
(data) products.json,https://theburgersleeves.com/product/cafe-burger-sleeves/,daily counter branding use,products.json[42].longDescriptionHtml,html (body copy),200,products.json > products.json[42].longDescriptionHtml
(data) products.json,https://theburgersleeves.com/product/event-burger-sleeves/,bulk service distribution,products.json[42].longDescriptionHtml,html (body copy),200,products.json > products.json[42].longDescriptionHtml
(data) products.json,https://theburgersleeves.com/product/restaurant-burger-sleeves/,consistent dine in presentation,products.json[42].longDescriptionHtml,html (body copy),200,products.json > products.json[42].longDescriptionHtml
(data) products.json,/product/event-burger-sleeves/,Event Burger Sleeves,products.json[43].url,navigation/data,200,products.json > products.json[43].url
(data) products.json,https://theburgersleeves.com/product-category/special-sleeves-uses/,service setting sleeve choices,products.json[43].longDescriptionHtml,html (body copy),200,products.json > products.json[43].longDescriptionHtml
(data) products.json,https://theburgersleeves.com/product/street-food-burger-sleeves/,quick handoff service,products.json[43].longDescriptionHtml,html (body copy),200,products.json > products.json[43].longDescriptionHtml
(data) products.json,https://theburgersleeves.com/product/promotional-burger-sleeves/,brand visibility during campaigns,products.json[43].longDescriptionHtml,html (body copy),200,products.json > products.json[43].longDescriptionHtml
(data) products.json,https://theburgersleeves.com/product/cafe-burger-sleeves/,counter service sleeves,products.json[43].longDescriptionHtml,html (body copy),200,products.json > products.json[43].longDescriptionHtml
(component) src/components/CtaBanner.astro,/get-free-quote/,(template),—,template/chrome,200,src/components/CtaBanner.astro
(component) src/components/Header.astro,/,(template),—,template/chrome,200,src/components/Header.astro
(page) src/pages/404.astro,/get-free-quote/,(template),—,template/chrome,200,src/pages/404.astro
(page) src/pages/404.astro,/shop/,(template),—,template/chrome,200,src/pages/404.astro
(page) src/pages/index.astro,/get-free-quote/,(template),—,template/chrome,200,src/pages/index.astro
(page) src/pages/index.astro,/shop/,(template),—,template/chrome,200,src/pages/index.astro
(page) src/pages/product/[slug].astro,/brand/the-burger-sleeves/,(template),—,template/chrome,200,src/pages/product/[slug].astro
(page) src/pages/thank-you.astro,/,(template),—,template/chrome,200,src/pages/thank-you.astro
https://theburgersleeves.com/about-us/,https://theburgersleeves.com/get-free-quote/,Request Free Quote,(live body),live-wordpress,200,live crawl > about-us.html
https://theburgersleeves.com/about-us/,/cdn-cgi/l/email-protection#adc4c3cbc2edd9c5c8cfd8dfcac8dfdec1c8c8dbc8de83cec2c0,Email,(live body),live-wordpress,404,live crawl > about-us.html
https://theburgersleeves.com/brand/the-burger-sleeves/,https://theburgersleeves.com/product/black-burger-sleeves/,Black Burger Sleeves &#36;0.50,(live body),live-wordpress,200,live crawl > brand__the-burger-sleeves.html
https://theburgersleeves.com/brand/the-burger-sleeves/,/brand/the-burger-sleeves/?add-to-cart=119,Add to cart,(live body),live-wordpress,200,live crawl > brand__the-burger-sleeves.html
https://theburgersleeves.com/brand/the-burger-sleeves/,https://theburgersleeves.com/product/black-printed-burger-sleeves/,Black Printed Burger Sleeves &#36;0.50,(live body),live-wordpress,200,live crawl > brand__the-burger-sleeves.html
https://theburgersleeves.com/brand/the-burger-sleeves/,/brand/the-burger-sleeves/?add-to-cart=108,Add to cart,(live body),live-wordpress,200,live crawl > brand__the-burger-sleeves.html
https://theburgersleeves.com/brand/the-burger-sleeves/,https://theburgersleeves.com/product/branded-burger-sleeves/,Branded Burger Sleeves &#36;0.50,(live body),live-wordpress,200,live crawl > brand__the-burger-sleeves.html
https://theburgersleeves.com/brand/the-burger-sleeves/,/brand/the-burger-sleeves/?add-to-cart=105,Add to cart,(live body),live-wordpress,200,live crawl > brand__the-burger-sleeves.html
https://theburgersleeves.com/brand/the-burger-sleeves/,https://theburgersleeves.com/product/burger-and-fries-sleeves/,Burger and Fries Sleeves &#36;0.50,(live body),live-wordpress,200,live crawl > brand__the-burger-sleeves.html
https://theburgersleeves.com/brand/the-burger-sleeves/,/brand/the-burger-sleeves/?add-to-cart=129,Add to cart,(live body),live-wordpress,200,live crawl > brand__the-burger-sleeves.html
https://theburgersleeves.com/brand/the-burger-sleeves/,https://theburgersleeves.com/product/burger-sandwich-sleeves/,Burger Sandwich Sleeves &#36;0.50,(live body),live-wordpress,200,live crawl > brand__the-burger-sleeves.html
https://theburgersleeves.com/brand/the-burger-sleeves/,/brand/the-burger-sleeves/?add-to-cart=131,Add to cart,(live body),live-wordpress,200,live crawl > brand__the-burger-sleeves.html
https://theburgersleeves.com/brand/the-burger-sleeves/,https://theburgersleeves.com/product/burger-sleeves/,Burger Sleeves &#36;0.50,(live body),live-wordpress,200,live crawl > brand__the-burger-sleeves.html
https://theburgersleeves.com/brand/the-burger-sleeves/,/brand/the-burger-sleeves/?add-to-cart=95,Add to cart,(live body),live-wordpress,200,live crawl > brand__the-burger-sleeves.html
https://theburgersleeves.com/brand/the-burger-sleeves/,https://theburgersleeves.com/product/burger-wrapping-sleeves/,Burger Wrapping Sleeves &#36;0.50,(live body),live-wordpress,200,live crawl > brand__the-burger-sleeves.html
https://theburgersleeves.com/brand/the-burger-sleeves/,/brand/the-burger-sleeves/?add-to-cart=130,Add to cart,(live body),live-wordpress,200,live crawl > brand__the-burger-sleeves.html
https://theburgersleeves.com/brand/the-burger-sleeves/,https://theburgersleeves.com/product/cafe-burger-sleeves/,Cafe Burger Sleeves &#36;0.50,(live body),live-wordpress,200,live crawl > brand__the-burger-sleeves.html
https://theburgersleeves.com/brand/the-burger-sleeves/,/brand/the-burger-sleeves/?add-to-cart=125,Add to cart,(live body),live-wordpress,200,live crawl > brand__the-burger-sleeves.html
https://theburgersleeves.com/brand/the-burger-sleeves/,https://theburgersleeves.com/product/cardboard-burger-sleeves/,Cardboard Burger Sleeves &#36;0.50,(live body),live-wordpress,200,live crawl > brand__the-burger-sleeves.html
https://theburgersleeves.com/brand/the-burger-sleeves/,/brand/the-burger-sleeves/?add-to-cart=90,Add to cart,(live body),live-wordpress,200,live crawl > brand__the-burger-sleeves.html
https://theburgersleeves.com/brand/the-burger-sleeves/,https://theburgersleeves.com/product/cheeseburger-sleeves/,Cheeseburger Sleeves &#36;0.50,(live body),live-wordpress,200,live crawl > brand__the-burger-sleeves.html
https://theburgersleeves.com/brand/the-burger-sleeves/,/brand/the-burger-sleeves/?add-to-cart=97,Add to cart,(live body),live-wordpress,200,live crawl > brand__the-burger-sleeves.html
https://theburgersleeves.com/brand/the-burger-sleeves/,https://theburgersleeves.com/product/corrugated-burger-sleeves/,Corrugated Burger Sleeves &#36;0.50,(live body),live-wordpress,200,live crawl > brand__the-burger-sleeves.html
https://theburgersleeves.com/brand/the-burger-sleeves/,/brand/the-burger-sleeves/?add-to-cart=92,Add to cart,(live body),live-wordpress,200,live crawl > brand__the-burger-sleeves.html
https://theburgersleeves.com/brand/the-burger-sleeves/,https://theburgersleeves.com/product/custom-burger-sleeves/,Custom Burger Sleeves &#36;0.50,(live body),live-wordpress,200,live crawl > brand__the-burger-sleeves.html
https://theburgersleeves.com/brand/the-burger-sleeves/,/brand/the-burger-sleeves/?add-to-cart=103,Add to cart,(live body),live-wordpress,200,live crawl > brand__the-burger-sleeves.html
https://theburgersleeves.com/brand/the-burger-sleeves/,https://theburgersleeves.com/product/die-cut-burger-sleeves/,Die Cut Burger Sleeves &#36;0.50,(live body),live-wordpress,200,live crawl > brand__the-burger-sleeves.html
https://theburgersleeves.com/brand/the-burger-sleeves/,/brand/the-burger-sleeves/?add-to-cart=122,Add to cart,(live body),live-wordpress,200,live crawl > brand__the-burger-sleeves.html
https://theburgersleeves.com/brand/the-burger-sleeves/,https://theburgersleeves.com/product/disposable-burger-sleeves/,Disposable Burger Sleeves &#36;0.50,(live body),live-wordpress,200,live crawl > brand__the-burger-sleeves.html
https://theburgersleeves.com/brand/the-burger-sleeves/,/brand/the-burger-sleeves/?add-to-cart=100,Add to cart,(live body),live-wordpress,200,live crawl > brand__the-burger-sleeves.html
https://theburgersleeves.com/brand/the-burger-sleeves/,https://theburgersleeves.com/product/double-patty-burger-sleeves/,Double Patty Burger Sleeves &#36;0.50,(live body),live-wordpress,200,live crawl > brand__the-burger-sleeves.html
https://theburgersleeves.com/brand/the-burger-sleeves/,/brand/the-burger-sleeves/?add-to-cart=116,Add to cart,(live body),live-wordpress,200,live crawl > brand__the-burger-sleeves.html
https://theburgersleeves.com/brand/the-burger-sleeves/,https://theburgersleeves.com/product/eco-friendly-burger-sleeves/,Eco Friendly Burger Sleeves &#36;0.50,(live body),live-wordpress,200,live crawl > brand__the-burger-sleeves.html
https://theburgersleeves.com/brand/the-burger-sleeves/,/brand/the-burger-sleeves/?add-to-cart=94,Add to cart,(live body),live-wordpress,200,live crawl > brand__the-burger-sleeves.html
https://theburgersleeves.com/brand/the-burger-sleeves/,https://theburgersleeves.com/brand/the-burger-sleeves/page/2/,2,(live body),live-wordpress,200,live crawl > brand__the-burger-sleeves.html
https://theburgersleeves.com/brand/the-burger-sleeves/,https://theburgersleeves.com/brand/the-burger-sleeves/page/3/,3,(live body),live-wordpress,200,live crawl > brand__the-burger-sleeves.html
https://theburgersleeves.com/brand/the-burger-sleeves/,https://theburgersleeves.com/brand/the-burger-sleeves/page/2/,&rarr;,(live body),live-wordpress,200,live crawl > brand__the-burger-sleeves.html
https://theburgersleeves.com/contact-us/,/cdn-cgi/l/email-protection,[email&#160;protected],(live body),live-wordpress,404,live crawl > contact-us.html
https://theburgersleeves.com/contact-us/,https://theburgersleeves.com/get-free-quote/,Request Free Quote,(live body),live-wordpress,200,live crawl > contact-us.html
https://theburgersleeves.com/contact-us/,/cdn-cgi/l/email-protection#bfd6d1d9d0ffcbd7daddcacdd8dacdccd3dadac9dacc91dcd0d2,Email,(live body),live-wordpress,404,live crawl > contact-us.html
https://theburgersleeves.com/,https://theburgersleeves.com/shop/,View Products,(live body),live-wordpress,200,live crawl > index.html
https://theburgersleeves.com/,https://theburgersleeves.com/product/fast-food-sleeves-packaging/,Fast Food Sleeves Packaging &#36;0.50,(live body),live-wordpress,200,live crawl > index.html
https://theburgersleeves.com/,/?add-to-cart=132,Add to cart,(live body),live-wordpress,200,live crawl > index.html
https://theburgersleeves.com/,https://theburgersleeves.com/product/burger-sandwich-sleeves/,Burger Sandwich Sleeves &#36;0.50,(live body),live-wordpress,200,live crawl > index.html
https://theburgersleeves.com/,/?add-to-cart=131,Add to cart,(live body),live-wordpress,200,live crawl > index.html
https://theburgersleeves.com/,https://theburgersleeves.com/product/burger-wrapping-sleeves/,Burger Wrapping Sleeves &#36;0.50,(live body),live-wordpress,200,live crawl > index.html
https://theburgersleeves.com/,/?add-to-cart=130,Add to cart,(live body),live-wordpress,200,live crawl > index.html
https://theburgersleeves.com/,https://theburgersleeves.com/product/burger-and-fries-sleeves/,Burger and Fries Sleeves &#36;0.50,(live body),live-wordpress,200,live crawl > index.html
https://theburgersleeves.com/,/?add-to-cart=129,Add to cart,(live body),live-wordpress,200,live crawl > index.html
https://theburgersleeves.com/,https://theburgersleeves.com/product/event-burger-sleeves/,Event Burger Sleeves &#36;0.50,(live body),live-wordpress,200,live crawl > index.html
https://theburgersleeves.com/,/?add-to-cart=128,Add to cart,(live body),live-wordpress,200,live crawl > index.html
https://theburgersleeves.com/,https://theburgersleeves.com/product/promotional-burger-sleeves/,Promotional Burger Sleeves &#36;0.50,(live body),live-wordpress,200,live crawl > index.html
https://theburgersleeves.com/,/?add-to-cart=127,Add to cart,(live body),live-wordpress,200,live crawl > index.html
https://theburgersleeves.com/,https://theburgersleeves.com/product/street-food-burger-sleeves/,Street Food Burger Sleeves &#36;0.50,(live body),live-wordpress,200,live crawl > index.html
https://theburgersleeves.com/,/?add-to-cart=126,Add to cart,(live body),live-wordpress,200,live crawl > index.html
https://theburgersleeves.com/,https://theburgersleeves.com/product/cafe-burger-sleeves/,Cafe Burger Sleeves &#36;0.50,(live body),live-wordpress,200,live crawl > index.html
https://theburgersleeves.com/,/?add-to-cart=125,Add to cart,(live body),live-wordpress,200,live crawl > index.html
https://theburgersleeves.com/,https://theburgersleeves.com/product/food-truck-burger-sleeves/,Food Truck Burger Sleeves &#36;0.50,(live body),live-wordpress,200,live crawl > index.html
https://theburgersleeves.com/,/?add-to-cart=124,Add to cart,(live body),live-wordpress,200,live crawl > index.html
https://theburgersleeves.com/,https://theburgersleeves.com/product/restaurant-burger-sleeves/,Restaurant Burger Sleeves &#36;0.50,(live body),live-wordpress,200,live crawl > index.html
https://theburgersleeves.com/,/?add-to-cart=123,Add to cart,(live body),live-wordpress,200,live crawl > index.html
https://theburgersleeves.com/,https://theburgersleeves.com/product/die-cut-burger-sleeves/,Die Cut Burger Sleeves &#36;0.50,(live body),live-wordpress,200,live crawl > index.html
https://theburgersleeves.com/,/?add-to-cart=122,Add to cart,(live body),live-wordpress,200,live crawl > index.html
https://theburgersleeves.com/,https://theburgersleeves.com/product/gloss-finish-burger-sleeves/,Gloss Finish Burger Sleeves &#36;0.50,(live body),live-wordpress,200,live crawl > index.html
https://theburgersleeves.com/,/?add-to-cart=121,Add to cart,(live body),live-wordpress,200,live crawl > index.html
https://theburgersleeves.com/,https://theburgersleeves.com/product/matte-finish-burger-sleeves/,Matte Finish Burger Sleeves &#36;0.50,(live body),live-wordpress,200,live crawl > index.html
https://theburgersleeves.com/,/?add-to-cart=120,Add to cart,(live body),live-wordpress,200,live crawl > index.html
https://theburgersleeves.com/,https://theburgersleeves.com/product/black-burger-sleeves/,Black Burger Sleeves &#36;0.50,(live body),live-wordpress,200,live crawl > index.html
https://theburgersleeves.com/,/?add-to-cart=119,Add to cart,(live body),live-wordpress,200,live crawl > index.html
https://theburgersleeves.com/,https://theburgersleeves.com/product/white-burger-sleeves/,White Burger Sleeves &#36;0.50,(live body),live-wordpress,200,live crawl > index.html
https://theburgersleeves.com/,/?add-to-cart=118,Add to cart,(live body),live-wordpress,200,live crawl > index.html
https://theburgersleeves.com/,https://theburgersleeves.com/product/kraft-brown-burger-sleeves/,Kraft Brown Burger Sleeves &#36;0.50,(live body),live-wordpress,200,live crawl > index.html
https://theburgersleeves.com/,/?add-to-cart=117,Add to cart,(live body),live-wordpress,200,live crawl > index.html
https://theburgersleeves.com/,https://theburgersleeves.com/get-free-quote/,Request Free Quote,(live body),live-wordpress,200,live crawl > index.html
https://theburgersleeves.com/,/cdn-cgi/l/email-protection#7b12151d143b0f131e190e091c1e0908171e1e0d1e0855181416,Email,(live body),live-wordpress,404,live crawl > index.html
https://theburgersleeves.com/privacy-policy/,https://theburgersleeves.com/,https://theburgersleeves.com/,(live body),live-wordpress,200,live crawl > privacy-policy.html
https://theburgersleeves.com/privacy-policy/,https://theburgersleeves.com/,https://theburgersleeves.com/,(live body),live-wordpress,200,live crawl > privacy-policy.html
https://theburgersleeves.com/product/large-burger-sleeves/,https://theburgersleeves.com/product/slider-burger-sleeves/,large format burger sleeve options,(live body),live-wordpress,200,live crawl > product__large-burger-sleeves.html
https://theburgersleeves.com/product/large-burger-sleeves/,https://theburgersleeves.com/product/jumbo-burger-sleeves/,oversized wrap coverage,(live body),live-wordpress,200,live crawl > product__large-burger-sleeves.html
https://theburgersleeves.com/product/large-burger-sleeves/,https://theburgersleeves.com/product/medium-burger-sleeves/,standard service sizing,(live body),live-wordpress,200,live crawl > product__large-burger-sleeves.html
https://theburgersleeves.com/product/large-burger-sleeves/,https://theburgersleeves.com/product/double-patty-burger-sleeves/,extra thickness coverage,(live body),live-wordpress,200,live crawl > product__large-burger-sleeves.html
https://theburgersleeves.com/refund_returns/,https://theburgersleeves.com/,https://theburgersleeves.com/,(live body),live-wordpress,200,live crawl > refund_returns.html
https://theburgersleeves.com/shipping-policy/,https://theburgersleeves.com/,https://theburgersleeves.com/,(live body),live-wordpress,200,live crawl > shipping-policy.html
https://theburgersleeves.com/shop/,https://theburgersleeves.com/product/black-burger-sleeves/,Black Burger Sleeves &#36;0.50,(live body),live-wordpress,200,live crawl > shop.html
https://theburgersleeves.com/shop/,/shop/?add-to-cart=119,Add to cart,(live body),live-wordpress,200,live crawl > shop.html
https://theburgersleeves.com/shop/,https://theburgersleeves.com/product/black-printed-burger-sleeves/,Black Printed Burger Sleeves &#36;0.50,(live body),live-wordpress,200,live crawl > shop.html
https://theburgersleeves.com/shop/,/shop/?add-to-cart=108,Add to cart,(live body),live-wordpress,200,live crawl > shop.html
https://theburgersleeves.com/shop/,https://theburgersleeves.com/product/branded-burger-sleeves/,Branded Burger Sleeves &#36;0.50,(live body),live-wordpress,200,live crawl > shop.html
https://theburgersleeves.com/shop/,/shop/?add-to-cart=105,Add to cart,(live body),live-wordpress,200,live crawl > shop.html
https://theburgersleeves.com/shop/,https://theburgersleeves.com/product/burger-and-fries-sleeves/,Burger and Fries Sleeves &#36;0.50,(live body),live-wordpress,200,live crawl > shop.html
https://theburgersleeves.com/shop/,/shop/?add-to-cart=129,Add to cart,(live body),live-wordpress,200,live crawl > shop.html
https://theburgersleeves.com/shop/,https://theburgersleeves.com/product/burger-sandwich-sleeves/,Burger Sandwich Sleeves &#36;0.50,(live body),live-wordpress,200,live crawl > shop.html
https://theburgersleeves.com/shop/,/shop/?add-to-cart=131,Add to cart,(live body),live-wordpress,200,live crawl > shop.html
https://theburgersleeves.com/shop/,https://theburgersleeves.com/product/burger-sleeves/,Burger Sleeves &#36;0.50,(live body),live-wordpress,200,live crawl > shop.html
https://theburgersleeves.com/shop/,/shop/?add-to-cart=95,Add to cart,(live body),live-wordpress,200,live crawl > shop.html
https://theburgersleeves.com/shop/,https://theburgersleeves.com/product/burger-wrapping-sleeves/,Burger Wrapping Sleeves &#36;0.50,(live body),live-wordpress,200,live crawl > shop.html
https://theburgersleeves.com/shop/,/shop/?add-to-cart=130,Add to cart,(live body),live-wordpress,200,live crawl > shop.html
https://theburgersleeves.com/shop/,https://theburgersleeves.com/product/cafe-burger-sleeves/,Cafe Burger Sleeves &#36;0.50,(live body),live-wordpress,200,live crawl > shop.html
https://theburgersleeves.com/shop/,/shop/?add-to-cart=125,Add to cart,(live body),live-wordpress,200,live crawl > shop.html
https://theburgersleeves.com/shop/,https://theburgersleeves.com/product/cardboard-burger-sleeves/,Cardboard Burger Sleeves &#36;0.50,(live body),live-wordpress,200,live crawl > shop.html
https://theburgersleeves.com/shop/,/shop/?add-to-cart=90,Add to cart,(live body),live-wordpress,200,live crawl > shop.html
https://theburgersleeves.com/shop/,https://theburgersleeves.com/product/cheeseburger-sleeves/,Cheeseburger Sleeves &#36;0.50,(live body),live-wordpress,200,live crawl > shop.html
https://theburgersleeves.com/shop/,/shop/?add-to-cart=97,Add to cart,(live body),live-wordpress,200,live crawl > shop.html
https://theburgersleeves.com/shop/,https://theburgersleeves.com/product/corrugated-burger-sleeves/,Corrugated Burger Sleeves &#36;0.50,(live body),live-wordpress,200,live crawl > shop.html
https://theburgersleeves.com/shop/,/shop/?add-to-cart=92,Add to cart,(live body),live-wordpress,200,live crawl > shop.html
https://theburgersleeves.com/shop/,https://theburgersleeves.com/product/custom-burger-sleeves/,Custom Burger Sleeves &#36;0.50,(live body),live-wordpress,200,live crawl > shop.html
https://theburgersleeves.com/shop/,/shop/?add-to-cart=103,Add to cart,(live body),live-wordpress,200,live crawl > shop.html
https://theburgersleeves.com/shop/,https://theburgersleeves.com/product/die-cut-burger-sleeves/,Die Cut Burger Sleeves &#36;0.50,(live body),live-wordpress,200,live crawl > shop.html
https://theburgersleeves.com/shop/,/shop/?add-to-cart=122,Add to cart,(live body),live-wordpress,200,live crawl > shop.html
https://theburgersleeves.com/shop/,https://theburgersleeves.com/product/disposable-burger-sleeves/,Disposable Burger Sleeves &#36;0.50,(live body),live-wordpress,200,live crawl > shop.html
https://theburgersleeves.com/shop/,/shop/?add-to-cart=100,Add to cart,(live body),live-wordpress,200,live crawl > shop.html
https://theburgersleeves.com/shop/,https://theburgersleeves.com/product/double-patty-burger-sleeves/,Double Patty Burger Sleeves &#36;0.50,(live body),live-wordpress,200,live crawl > shop.html
https://theburgersleeves.com/shop/,/shop/?add-to-cart=116,Add to cart,(live body),live-wordpress,200,live crawl > shop.html
https://theburgersleeves.com/shop/,https://theburgersleeves.com/product/eco-friendly-burger-sleeves/,Eco Friendly Burger Sleeves &#36;0.50,(live body),live-wordpress,200,live crawl > shop.html
https://theburgersleeves.com/shop/,/shop/?add-to-cart=94,Add to cart,(live body),live-wordpress,200,live crawl > shop.html
https://theburgersleeves.com/shop/,https://theburgersleeves.com/shop/page/2/,2,(live body),live-wordpress,200,live crawl > shop.html
https://theburgersleeves.com/shop/,https://theburgersleeves.com/shop/page/3/,3,(live body),live-wordpress,200,live crawl > shop.html
https://theburgersleeves.com/shop/,https://theburgersleeves.com/shop/page/2/,&rarr;,(live body),live-wordpress,200,live crawl > shop.html
https://theburgersleeves.com/terms-and-conditions/,https://theburgersleeves.com/,https://theburgersleeves.com/,(live body),live-wordpress,200,live crawl > terms-and-conditions.html
https://theburgersleeves.com/terms-and-conditions/,https://theburgersleeves.com/,https://theburgersleeves.com/,(live body),live-wordpress,200,live crawl > terms-and-conditions.html
https://theburgersleeves.com/terms-and-conditions/,https://theburgersleeves.com/,https://theburgersleeves.com/,(live body),live-wordpress,200,live crawl > terms-and-conditions.html
