sku,product,url,role,file,local_path,original_source,dimensions,bytes,alt,ownership,status,third_party,action
TBS-042,Burger Wrapping Sleeves,/product/burger-wrapping-sleeves/,excluded,Burger-Wrapping-Sleeves.jpg,src/assets/images/Burger-Wrapping-Sleeves.jpg,WordPress wp-content/uploads (migrated),1080x1080,282560,Burger Wrapping Sleeves,NOT owned — third-party or template imagery,excluded from production,template advert,"Whole image removed from product data. Visible: ""Fast Sleeve Printing — Get yours printed today!"" printed on the box; a competitor or template advert. Not edited or de-watermarked."
TBS-044,Fast Food Sleeves Packaging,/product/fast-food-sleeves-packaging/,excluded,burger-sleeves-packaging.jpg,src/assets/images/burger-sleeves-packaging.jpg,WordPress wp-content/uploads (migrated),1080x1080,670776,Printed fast food sleeves stacked for service,NOT owned — third-party or template imagery,excluded from production,third-party brand,"Whole image removed from product data. Visible: JB's Burgers full brand identity across bags, boxes and wraps. Not edited or de-watermarked."
TBS-044,Fast Food Sleeves Packaging,/product/fast-food-sleeves-packaging/,excluded,Burger-Wrapping-Sleeves.jpg,src/assets/images/Burger-Wrapping-Sleeves.jpg,WordPress wp-content/uploads (migrated),1080x1080,282560,Burger Wrapping Sleeves,NOT owned — third-party or template imagery,excluded from production,template advert,"Whole image removed from product data. Visible: ""Fast Sleeve Printing — Get yours printed today!"" printed on the box; a competitor or template advert. Not edited or de-watermarked."
TBS-044,Fast Food Sleeves Packaging,/product/fast-food-sleeves-packaging/,excluded,custom-fast-food-sleeve.jpg,src/assets/images/custom-fast-food-sleeve.jpg,WordPress wp-content/uploads (migrated),1080x1080,260501,custom fast food sleeve,NOT owned — third-party or template imagery,excluded from production,stock listing overlay,"Whole image removed from product data. Visible: ""100 PACK"" retail sticker composited onto the image. Not edited or de-watermarked."
TBS-044,Fast Food Sleeves Packaging,/product/fast-food-sleeves-packaging/,excluded,fast-food-sleeves-packaging.jpg,src/assets/images/fast-food-sleeves-packaging.jpg,WordPress wp-content/uploads (migrated),1080x1080,40721,fast food sleeves packaging,NOT owned — third-party or template imagery,excluded from production,third-party brand,Whole image removed from product data. Visible: Lumi Fast Food logo and slogan. Not edited or de-watermarked.
TBS-044,Fast Food Sleeves Packaging,/product/fast-food-sleeves-packaging/,excluded,logo-printed-food-sleeves.jpg,src/assets/images/logo-printed-food-sleeves.jpg,WordPress wp-content/uploads (migrated),1080x1080,427959,logo printed food sleeves,NOT owned — third-party or template imagery,excluded from production,third-party brand,Whole image removed from product data. Visible: BURGER HOUSE / BURGER BOX brand identity. Not edited or de-watermarked.
TBS-001,Kraft Burger Sleeves,/product/kraft-burger-sleeves/,excluded,Kraft-Hamburger-Sleeves.jpg,src/assets/images/Kraft-Hamburger-Sleeves.jpg,WordPress wp-content/uploads (migrated),1080x1080,79494,Kraft Burger Sleeves,NOT owned — third-party or template imagery,excluded from production,third-party brand,"Whole image removed from product data. Visible: ""burger time"" brand band across the wrap. Not edited or de-watermarked."
TBS-003,Paper Burger Sleeves,/product/paper-burger-sleeves/,excluded,Gloss-Paper-Burger-Sleeves.jpg,src/assets/images/Gloss-Paper-Burger-Sleeves.jpg,WordPress wp-content/uploads (migrated),1080x1080,47361,Burger Sleeves Sizes,NOT owned — third-party or template imagery,excluded from production,third-party brand,Whole image removed from product data. Visible: BURGER PALACE and BAYETTE Boutique Restaurant logos. Not edited or de-watermarked.
TBS-004,Corrugated Burger Sleeves,/product/corrugated-burger-sleeves/,excluded,Single-Wall-Corrugated-Burger-Sleeve.jpg,src/assets/images/Single-Wall-Corrugated-Burger-Sleeve.jpg,WordPress wp-content/uploads (migrated),1080x1080,578807,Single Wall Corrugated Burger Sleeve,NOT owned — third-party or template imagery,excluded from production,third-party brand,Whole image removed from product data. Visible: third-party striped burger-box identity; also shows trays rather than sleeves. Not edited or de-watermarked.
TBS-004,Corrugated Burger Sleeves,/product/corrugated-burger-sleeves/,excluded,Corrugated-Burger-Sleeve.jpg,src/assets/images/Corrugated-Burger-Sleeve.jpg,WordPress wp-content/uploads (migrated),1080x1080,371120,Corrugated Burger Sleeve,NOT owned — third-party or template imagery,excluded from production,third-party brand,Whole image removed from product data. Visible: White Castle branded clamshell. Not edited or de-watermarked.
TBS-004,Corrugated Burger Sleeves,/product/corrugated-burger-sleeves/,excluded,Custom-Corrugated-Burger-Sleeve.jpg,src/assets/images/Custom-Corrugated-Burger-Sleeve.jpg,WordPress wp-content/uploads (migrated),1080x1080,544902,Custom Corrugated Burger Sleeve,NOT owned — third-party or template imagery,excluded from production,third-party brand,Whole image removed from product data. Visible: BURGER BROTHER™ branded tray. Not edited or de-watermarked.
TBS-004,Corrugated Burger Sleeves,/product/corrugated-burger-sleeves/,excluded,Disposable-Corrugated-Burger-Sleeve.jpg,src/assets/images/Disposable-Corrugated-Burger-Sleeve.jpg,WordPress wp-content/uploads (migrated),1080x1080,190565,Disposable Corrugated Burger Sleeve,NOT owned — third-party or template imagery,excluded from production,mockup template,"Whole image removed from product data. Visible: ""burger holder"" free-mockup template with provider credit. Not edited or de-watermarked."
TBS-004,Corrugated Burger Sleeves,/product/corrugated-burger-sleeves/,excluded,Kraft-Corrugated-Burger-Sleeve.jpg,src/assets/images/Kraft-Corrugated-Burger-Sleeve.jpg,WordPress wp-content/uploads (migrated),1080x1080,621628,Kraft Corrugated Burger Sleeve,NOT owned — third-party or template imagery,excluded from production,third-party brand,Whole image removed from product data. Visible: third-party striped burger-box identity. Not edited or de-watermarked.
TBS-005,Recycled Burger Sleeves,/product/recycled-burger-sleeves/,excluded,Food-Grade-Recycled-Burger-Sleeve.jpg,src/assets/images/Food-Grade-Recycled-Burger-Sleeve.jpg,WordPress wp-content/uploads (migrated),1080x1080,54835,Food Grade Recycled Burger Sleeve,NOT owned — third-party or template imagery,excluded from production,mockup template,"Whole image removed from product data. Visible: ""SANDWICH PACKAGING mockup"" watermark printed across the frame. Not edited or de-watermarked."
TBS-023,Small Burger Sleeves,/product/small-burger-sleeves/,excluded,Mini-Small-Burger-Sleeve.jpg,src/assets/images/Mini-Small-Burger-Sleeve.jpg,WordPress wp-content/uploads (migrated),1080x1080,79657,Mini Small Burger Sleeve,NOT owned — third-party or template imagery,excluded from production,third-party brand,Whole image removed from product data. Visible: DOWNTOWNER branded box. Not edited or de-watermarked.
TBS-023,Small Burger Sleeves,/product/small-burger-sleeves/,excluded,Logo-Printed-Small-Burger-Sleeve.jpg,src/assets/images/Logo-Printed-Small-Burger-Sleeve.jpg,WordPress wp-content/uploads (migrated),1080x1080,106831,Logo Printed Small Burger Sleeve,NOT owned — third-party or template imagery,excluded from production,third-party brand,Whole image removed from product data. Visible: Hamburgesa branded wrap. Not edited or de-watermarked.
TBS-023,Small Burger Sleeves,/product/small-burger-sleeves/,excluded,Small-Burger-Sleeve-Packaging.jpg,src/assets/images/Small-Burger-Sleeve-Packaging.jpg,WordPress wp-content/uploads (migrated),1080x1080,107283,Small Burger Sleeve Packaging,NOT owned — third-party or template imagery,excluded from production,third-party brand,Whole image removed from product data. Visible: MAZZA FOOD branded wrap. Not edited or de-watermarked.
TBS-024,Medium Burger Sleeves,/product/medium-burger-sleeves/,excluded,Classic-Medium-Burger-Sleeve.jpg,src/assets/images/Classic-Medium-Burger-Sleeve.jpg,WordPress wp-content/uploads (migrated),1080x1080,114356,Classic Medium Burger Sleeve,NOT owned — third-party or template imagery,excluded from production,third-party brand,Whole image removed from product data. Visible: MUNCH branded box. Not edited or de-watermarked.
TBS-025,Large Burger Sleeves,/product/large-burger-sleeves/,excluded,Large-Burger-Sleeve.jpg,src/assets/images/Large-Burger-Sleeve.jpg,WordPress wp-content/uploads (migrated),1080x1080,162112,Large Burger Sleeve,NOT owned — third-party or template imagery,excluded from production,third-party brand,Whole image removed from product data. Visible: KLAY by Karak House branded box. Not edited or de-watermarked.
TBS-026,Jumbo Burger Sleeves,/product/jumbo-burger-sleeves/,excluded,Jumbo-Burger-Sleeves.jpg,src/assets/images/Jumbo-Burger-Sleeves.jpg,WordPress wp-content/uploads (migrated),1080x1080,32502,Jumbo Burger Sleeves,NOT owned — third-party or template imagery,excluded from production,mockup template,"Whole image removed from product data. Visible: ""burger holder"" free-mockup template. Not edited or de-watermarked."
TBS-027,Slider Burger Sleeves,/product/slider-burger-sleeves/,excluded,Slider-Burger-Sleeve.jpg,src/assets/images/Slider-Burger-Sleeve.jpg,WordPress wp-content/uploads (migrated),1080x1080,58482,Slider Burger Sleeve,NOT owned — third-party or template imagery,excluded from production,third-party brand,"Whole image removed from product data. Visible: White Castle branded boxes, logo clearly legible. Not edited or de-watermarked."
TBS-028,Double Patty Burger Sleeves,/product/double-patty-burger-sleeves/,excluded,Cardboard-Double-Patty-Burger-Sleeve.jpg,src/assets/images/Cardboard-Double-Patty-Burger-Sleeve.jpg,WordPress wp-content/uploads (migrated),1080x1080,470525,Cardboard Double Patty Burger Sleeve,NOT owned — third-party or template imagery,excluded from production,third-party brand,Whole image removed from product data. Visible: third-party printed wrap identity. Not edited or de-watermarked.
TBS-029,Kraft Brown Burger Sleeves,/product/kraft-brown-burger-sleeves/,excluded,Custom-Kraft-Brown-Burger-Sleeve.jpg,src/assets/images/Custom-Kraft-Brown-Burger-Sleeve.jpg,WordPress wp-content/uploads (migrated),1080x1080,50812,Custom Kraft Brown Burger Sleeve,NOT owned — third-party or template imagery,excluded from production,third-party brand + agency credit,"Whole image removed from product data. Visible: Burger King WHOPPER® wrap, ""Flame Grilled™"", ""America's Favorite Burger®"", plus a ""Designed by Turner Duckworth"" agency watermark. Not edited or de-watermarked."
TBS-029,Kraft Brown Burger Sleeves,/product/kraft-brown-burger-sleeves/,excluded,Kraft-Brown-Burger-Sleeves-With-Logo.jpg,src/assets/images/Kraft-Brown-Burger-Sleeves-With-Logo.jpg,WordPress wp-content/uploads (migrated),1080x1080,84899,Customized Burger Sleeves,NOT owned — third-party or template imagery,excluded from production,third-party brand,Whole image removed from product data. Visible: Crave branded bags. Not edited or de-watermarked.
TBS-029,Kraft Brown Burger Sleeves,/product/kraft-brown-burger-sleeves/,excluded,Kraft-Brown-Burger-Sleeves.jpg,src/assets/images/Kraft-Brown-Burger-Sleeves.jpg,WordPress wp-content/uploads (migrated),1080x1080,33415,Kraft Brown Burger Sleeves,NOT owned — third-party or template imagery,excluded from production,third-party brand,Whole image removed from product data. Visible: Burger Station branded bags. Not edited or de-watermarked.
TBS-029,Kraft Brown Burger Sleeves,/product/kraft-brown-burger-sleeves/,excluded,Uncoated-Kraft-Brown-Burger-Sleeve.jpg,src/assets/images/Uncoated-Kraft-Brown-Burger-Sleeve.jpg,WordPress wp-content/uploads (migrated),1080x1080,162112,Uncoated Kraft Brown Burger Sleeve,NOT owned — third-party or template imagery,excluded from production,third-party brand,Whole image removed from product data. Visible: KLAY by Karak House branded box. Not edited or de-watermarked.
TBS-030,White Burger Sleeves,/product/white-burger-sleeves/,excluded,Gloss-White-Burger-Sleeve.jpg,src/assets/images/Gloss-White-Burger-Sleeve.jpg,WordPress wp-content/uploads (migrated),1080x1080,115800,Gloss White Burger Sleeve,NOT owned — third-party or template imagery,excluded from production,third-party brand,Whole image removed from product data. Visible: CULTO KEBAB branded tray and wrap. Not edited or de-watermarked.
TBS-030,White Burger Sleeves,/product/white-burger-sleeves/,excluded,Pure-White-Burger-Sleeve.jpg,src/assets/images/Pure-White-Burger-Sleeve.jpg,WordPress wp-content/uploads (migrated),1080x1080,64482,Pure White Burger Sleeve,NOT owned — third-party or template imagery,excluded from production,third-party brand,"Whole image removed from product data. Visible: ""street"" / ""BEER"" branded cups and wrap. Not edited or de-watermarked."
TBS-032,Matte Finish Burger Sleeves,/product/matte-finish-burger-sleeves/,excluded,Premium-Mattle-Burger-Sleeve.jpg,src/assets/images/Premium-Mattle-Burger-Sleeve.jpg,WordPress wp-content/uploads (migrated),1080x1080,164777,Premium Mattle Burger Sleeve,NOT owned — third-party or template imagery,excluded from production,third-party brand + wrong product,"Whole image removed from product data. Visible: ""HOT DOG KING SIZE"" sleeves — a hot dog product, not a burger sleeve. Not edited or de-watermarked."
TBS-033,Gloss Finish Burger Sleeves,/product/gloss-finish-burger-sleeves/,excluded,Custom-Gloss-Finish-Burger-Sleeve.jpg,src/assets/images/Custom-Gloss-Finish-Burger-Sleeve.jpg,WordPress wp-content/uploads (migrated),1080x1080,46023,Custom Gloss Finish Burger Sleeve,NOT owned — third-party or template imagery,excluded from production,third-party brand,Whole image removed from product data. Visible: BURGER swirl brand identity. Not edited or de-watermarked.
TBS-033,Gloss Finish Burger Sleeves,/product/gloss-finish-burger-sleeves/,excluded,Gloss-Finish-Burger-Sleeves-For-Cafes.jpg,src/assets/images/Gloss-Finish-Burger-Sleeves-For-Cafes.jpg,WordPress wp-content/uploads (migrated),1080x1080,114089,Gloss Finish Burger Sleeves For Cafes,NOT owned — third-party or template imagery,excluded from production,third-party brand,Whole image removed from product data. Visible: HOFFY branded foil wrap. Not edited or de-watermarked.
TBS-034,Die Cut Burger Sleeves,/product/die-cut-burger-sleeves/,excluded,Die-Cut-Burger-Sleeve-For-Cafes.jpg,src/assets/images/Die-Cut-Burger-Sleeve-For-Cafes.jpg,WordPress wp-content/uploads (migrated),1080x1080,550753,Die Cut Burger Sleeve For Cafes,NOT owned — third-party or template imagery,excluded from production,third-party brand,Whole image removed from product data. Visible: MAZZA FOOD branded wrap. Not edited or de-watermarked.
TBS-034,Die Cut Burger Sleeves,/product/die-cut-burger-sleeves/,excluded,White-Die-Cut-Burger-Sleeve.jpg,src/assets/images/White-Die-Cut-Burger-Sleeve.jpg,WordPress wp-content/uploads (migrated),1080x1080,632066,White Die Cut Burger Sleeve,NOT owned — third-party or template imagery,excluded from production,third-party brand,Whole image removed from product data. Visible: Hamburgesa branded wrap. Not edited or de-watermarked.
TBS-007,Burger Sleeves,/product/burger-sleeves/,excluded,Matte-Burger-Sleeve.jpg,src/assets/images/Matte-Burger-Sleeve.jpg,WordPress wp-content/uploads (migrated),1080x1080,371085,Matte Burger Sleeve,NOT owned — third-party or template imagery,excluded from production,third-party brand,Whole image removed from product data. Visible: White Castle branded box. Not edited or de-watermarked.
TBS-008,Hamburger Sleeves,/product/hamburger-sleeves/,excluded,Kraft-Hamburger-Sleeves.jpg,src/assets/images/Kraft-Hamburger-Sleeves.jpg,WordPress wp-content/uploads (migrated),1080x1080,79494,Kraft Burger Sleeves,NOT owned — third-party or template imagery,excluded from production,third-party brand,"Whole image removed from product data. Visible: ""burger time"" brand band across the wrap. Not edited or de-watermarked."
TBS-008,Hamburger Sleeves,/product/hamburger-sleeves/,excluded,Disposable-Hamburger-Sleeve.jpg,src/assets/images/Disposable-Hamburger-Sleeve.jpg,WordPress wp-content/uploads (migrated),1080x1080,97741,Disposable Hamburger Sleeve,NOT owned — third-party or template imagery,excluded from production,third-party brand,Whole image removed from product data. Visible: Hamburgesa branded wrap. Not edited or de-watermarked.
TBS-011,Takeaway Burger Sleeves,/product/takeaway-burger-sleeves/,excluded,Takeaway-Burger-Sleeves.jpg,src/assets/images/Takeaway-Burger-Sleeves.jpg,WordPress wp-content/uploads (migrated),1080x1080,72819,Takeaway Burger Sleeves,NOT owned — third-party or template imagery,excluded from production,third-party brand,Whole image removed from product data. Visible: DOWNTOWNER branded box. Not edited or de-watermarked.
TBS-011,Takeaway Burger Sleeves,/product/takeaway-burger-sleeves/,excluded,Custom-Takeaway-Burger-Sleeves.jpg,src/assets/images/Custom-Takeaway-Burger-Sleeves.jpg,WordPress wp-content/uploads (migrated),1080x1080,73788,Custom Takeaway Burger Sleeves,NOT owned — third-party or template imagery,excluded from production,third-party brand,Whole image removed from product data. Visible: DOWNTOWNER branded box. Not edited or de-watermarked.
TBS-011,Takeaway Burger Sleeves,/product/takeaway-burger-sleeves/,excluded,Custom-Takeaway-Burger-Packaging.jpg,src/assets/images/Custom-Takeaway-Burger-Packaging.jpg,WordPress wp-content/uploads (migrated),1080x1080,76406,Custom Takeaway Burger Packaging,NOT owned — third-party or template imagery,excluded from production,third-party brand,Whole image removed from product data. Visible: DELICIOUS DESSERT branded box. Not edited or de-watermarked.
TBS-013,Grease Resistant Burger Sleeves,/product/grease-resistant-burger-sleeves/,excluded,Grease-Resistant-Burger-Sleeves.jpg,src/assets/images/Grease-Resistant-Burger-Sleeves.jpg,WordPress wp-content/uploads (migrated),1080x1080,84799,Grease Resistant Burger Sleeves,NOT owned — third-party or template imagery,excluded from production,third-party brand,Whole image removed from product data. Visible: KRAFT (Kraft Heinz) burger cheese advertising imagery. Not edited or de-watermarked.
TBS-013,Grease Resistant Burger Sleeves,/product/grease-resistant-burger-sleeves/,excluded,Custom-Grease-Resistant-Burger-Packaging.jpg,src/assets/images/Custom-Grease-Resistant-Burger-Packaging.jpg,WordPress wp-content/uploads (migrated),1080x1080,42003,Custom Grease Resistant Burger Packaging,NOT owned — third-party or template imagery,excluded from production,third-party brand,Whole image removed from product data. Visible: GOOD FOOD BURGER branded wrap. Not edited or de-watermarked.
TBS-035,Restaurant Burger Sleeves,/product/restaurant-burger-sleeves/,excluded,Restaurant-Burger-Sleeves-With-Logo.jpg,src/assets/images/Restaurant-Burger-Sleeves-With-Logo.jpg,WordPress wp-content/uploads (migrated),1080x1080,144671,Restaurant Burger Sleeves With Logo,NOT owned — third-party or template imagery,excluded from production,third-party brand + wrong product,"Whole image removed from product data. Visible: ""HOTDOG"" sleeves — a hot dog product, not a burger sleeve. Not edited or de-watermarked."
TBS-039,Promotional Burger Sleeves,/product/promotional-burger-sleeves/,excluded,Promotional-Burger-Sleeves.jpg,src/assets/images/Promotional-Burger-Sleeves.jpg,WordPress wp-content/uploads (migrated),1080x1080,66183,Promotional Burger Sleeves,NOT owned — third-party or template imagery,excluded from production,third-party brand,"Whole image removed from product data. Visible: ""WHAT THE DUCK?"" brand identity. Not edited or de-watermarked."
TBS-040,Event Burger Sleeves,/product/event-burger-sleeves/,excluded,Corporate-Event-Burger-Sleeves.jpg,src/assets/images/Corporate-Event-Burger-Sleeves.jpg,WordPress wp-content/uploads (migrated),1080x1080,380101,Corporate Event Burger Sleeves,NOT owned — third-party or template imagery,excluded from production,third-party brand,Whole image removed from product data. Visible: third-party printed identity across bag and box. Not edited or de-watermarked.
TBS-041,Burger and Fries Sleeves,/product/burger-and-fries-sleeves/,main,Branded-Burger-And-Fries-Sleeve.jpg,src/assets/images/Branded-Burger-And-Fries-Sleeve.jpg,WordPress wp-content/uploads (migrated),1080x1080,423410,Branded Burger And Fries Sleeve,"site-supplied, no third-party marks detected",permanent,none detected,retained
TBS-041,Burger and Fries Sleeves,/product/burger-and-fries-sleeves/,gallery 1,Burger-And-Fries-Sleeves-With-Logo.jpg,src/assets/images/Burger-And-Fries-Sleeves-With-Logo.jpg,WordPress wp-content/uploads (migrated),1080x1080,891253,Burger And Fries Sleeves With Logo,"site-supplied, no third-party marks detected",permanent,none detected,retained
TBS-041,Burger and Fries Sleeves,/product/burger-and-fries-sleeves/,gallery 2,Matte-Burger-And-Fries-Sleeve.jpg,src/assets/images/Matte-Burger-And-Fries-Sleeve.jpg,WordPress wp-content/uploads (migrated),1080x1080,958389,Matte Burger And Fries Sleeve,"site-supplied, no third-party marks detected",permanent,none detected,retained
TBS-041,Burger and Fries Sleeves,/product/burger-and-fries-sleeves/,gallery 3,Takeaway-Burger-And-Fries-Sleeve.jpg,src/assets/images/Takeaway-Burger-And-Fries-Sleeve.jpg,WordPress wp-content/uploads (migrated),1080x1080,635459,Takeaway Burger And Fries Sleeve,"site-supplied, no third-party marks detected",permanent,none detected,retained
TBS-042,Burger Wrapping Sleeves,/product/burger-wrapping-sleeves/,main,Artwork-Preview-Coming-Soon.jpg,src/assets/images/Artwork-Preview-Coming-Soon.jpg,generated for this project (scripts/media-audit.mjs),1080x1080,65504,Artwork preview coming soon,owned — generated in-project,TEMPORARY placeholder,none detected,Placeholder shown until real photography is supplied
TBS-043,Burger Sandwich Sleeves,/product/burger-sandwich-sleeves/,main,Textured-Burger-Sandwich-Sleeve.jpg,src/assets/images/Textured-Burger-Sandwich-Sleeve.jpg,WordPress wp-content/uploads (migrated),1080x1080,655142,Textured Burger Sandwich Sleeve,"site-supplied, no third-party marks detected",permanent,none detected,retained
TBS-043,Burger Sandwich Sleeves,/product/burger-sandwich-sleeves/,gallery 1,Burger-Sandwich-Sleeves.jpg,src/assets/images/Burger-Sandwich-Sleeves.jpg,WordPress wp-content/uploads (migrated),1080x1080,602016,Burger Sandwich Sleeves,"site-supplied, no third-party marks detected",permanent,none detected,retained
TBS-043,Burger Sandwich Sleeves,/product/burger-sandwich-sleeves/,gallery 2,Logo-Printed-Burger-Sandwich-Sleeves.jpg,src/assets/images/Logo-Printed-Burger-Sandwich-Sleeves.jpg,WordPress wp-content/uploads (migrated),1080x1080,477188,Logo printed burger sandwich sleeve,"site-supplied, no third-party marks detected",permanent,none detected,retained
TBS-043,Burger Sandwich Sleeves,/product/burger-sandwich-sleeves/,gallery 3,Matte-Burger-Sandwich-Sleeve.jpg,src/assets/images/Matte-Burger-Sandwich-Sleeve.jpg,WordPress wp-content/uploads (migrated),1080x1080,379742,Matte Burger Sandwich Sleeve,"site-supplied, no third-party marks detected",permanent,none detected,retained
TBS-043,Burger Sandwich Sleeves,/product/burger-sandwich-sleeves/,gallery 4,Street-Style-Burger-Sandwich-Sleeve.jpg,src/assets/images/Street-Style-Burger-Sandwich-Sleeve.jpg,WordPress wp-content/uploads (migrated),1080x1080,669410,Street Style Burger Sandwich Sleeve,"site-supplied, no third-party marks detected",permanent,none detected,retained
TBS-044,Fast Food Sleeves Packaging,/product/fast-food-sleeves-packaging/,main,Artwork-Preview-Coming-Soon.jpg,src/assets/images/Artwork-Preview-Coming-Soon.jpg,generated for this project (scripts/media-audit.mjs),1080x1080,65504,Artwork preview coming soon,owned — generated in-project,TEMPORARY placeholder,none detected,Placeholder shown until real photography is supplied
TBS-001,Kraft Burger Sleeves,/product/kraft-burger-sleeves/,main,Artwork-Preview-Coming-Soon.jpg,src/assets/images/Artwork-Preview-Coming-Soon.jpg,generated for this project (scripts/media-audit.mjs),1080x1080,65504,Artwork preview coming soon,owned — generated in-project,TEMPORARY placeholder,none detected,Placeholder shown until real photography is supplied
TBS-002,Cardboard Burger Sleeves,/product/cardboard-burger-sleeves/,main,Artwork-Preview-Coming-Soon.jpg,src/assets/images/Artwork-Preview-Coming-Soon.jpg,generated for this project (scripts/media-audit.mjs),1080x1080,65504,Artwork preview coming soon,owned — generated in-project,TEMPORARY placeholder,none detected,Placeholder shown until real photography is supplied
TBS-003,Paper Burger Sleeves,/product/paper-burger-sleeves/,main,Branded-Paper-Burger-Sleeves.jpg,src/assets/images/Branded-Paper-Burger-Sleeves.jpg,WordPress wp-content/uploads (migrated),1080x1080,128633,Branded Burger Sleeves,"site-supplied, no third-party marks detected",permanent,none detected,retained
TBS-003,Paper Burger Sleeves,/product/paper-burger-sleeves/,gallery 1,Restaurant-Paper-Burger-Sleeve.jpg,src/assets/images/Restaurant-Paper-Burger-Sleeve.jpg,WordPress wp-content/uploads (migrated),1080x1080,36017,Restaurant Paper Burger Sleeve,"site-supplied, no third-party marks detected",permanent,none detected,retained
TBS-004,Corrugated Burger Sleeves,/product/corrugated-burger-sleeves/,main,Artwork-Preview-Coming-Soon.jpg,src/assets/images/Artwork-Preview-Coming-Soon.jpg,generated for this project (scripts/media-audit.mjs),1080x1080,65504,Artwork preview coming soon,owned — generated in-project,TEMPORARY placeholder,none detected,Placeholder shown until real photography is supplied
TBS-005,Recycled Burger Sleeves,/product/recycled-burger-sleeves/,main,Modern-Recycled-Burger-Sleeve.jpg,src/assets/images/Modern-Recycled-Burger-Sleeve.jpg,WordPress wp-content/uploads (migrated),1080x1080,36950,Recycled board burger sleeve,"site-supplied, no third-party marks detected",permanent,none detected,retained
TBS-005,Recycled Burger Sleeves,/product/recycled-burger-sleeves/,gallery 1,Speckled-Recycled-Burger-Sleeve.jpg,src/assets/images/Speckled-Recycled-Burger-Sleeve.jpg,WordPress wp-content/uploads (migrated),1080x1080,164302,Printed paper food bags holding a hot dog,"site-supplied, no third-party marks detected",permanent,none detected,retained
TBS-006,Eco Friendly Burger Sleeves,/product/eco-friendly-burger-sleeves/,main,Unbleached-Kraft-Burger-Sleeve.jpg,src/assets/images/Unbleached-Kraft-Burger-Sleeve.jpg,WordPress wp-content/uploads (migrated),1080x1080,661787,Unbleached Kraft Burger Sleeve,"site-supplied, no third-party marks detected",permanent,none detected,retained
TBS-006,Eco Friendly Burger Sleeves,/product/eco-friendly-burger-sleeves/,gallery 1,Biodegradable-Burger-Sleeve.jpg,src/assets/images/Biodegradable-Burger-Sleeve.jpg,WordPress wp-content/uploads (migrated),1080x1080,447224,Burger held in a checked greaseproof paper wrap,"site-supplied, no third-party marks detected",permanent,none detected,retained
TBS-006,Eco Friendly Burger Sleeves,/product/eco-friendly-burger-sleeves/,gallery 2,Cafe-Eco-Friendly-Burger-Sleeve.jpg,src/assets/images/Cafe-Eco-Friendly-Burger-Sleeve.jpg,WordPress wp-content/uploads (migrated),1080x1080,155583,Burger sleeve on a cafe counter,"site-supplied, no third-party marks detected",permanent,none detected,retained
TBS-006,Eco Friendly Burger Sleeves,/product/eco-friendly-burger-sleeves/,gallery 3,Eco-Friendly-Burger-Sleeve.jpg,src/assets/images/Eco-Friendly-Burger-Sleeve.jpg,WordPress wp-content/uploads (migrated),1080x1080,386782,Kraft burger sleeve around a wrapped burger,"site-supplied, no third-party marks detected",permanent,none detected,retained
TBS-023,Small Burger Sleeves,/product/small-burger-sleeves/,main,Artwork-Preview-Coming-Soon.jpg,src/assets/images/Artwork-Preview-Coming-Soon.jpg,generated for this project (scripts/media-audit.mjs),1080x1080,65504,Artwork preview coming soon,owned — generated in-project,TEMPORARY placeholder,none detected,Placeholder shown until real photography is supplied
TBS-024,Medium Burger Sleeves,/product/medium-burger-sleeves/,main,Branded-Medium-Burger-Sleeve.jpg,src/assets/images/Branded-Medium-Burger-Sleeve.jpg,WordPress wp-content/uploads (migrated),1080x1080,54254,Branded Medium Burger Sleeve,"site-supplied, no third-party marks detected",permanent,none detected,retained
TBS-024,Medium Burger Sleeves,/product/medium-burger-sleeves/,gallery 1,Kraft-Medium-Burger-Sleeve.jpg,src/assets/images/Kraft-Medium-Burger-Sleeve.jpg,WordPress wp-content/uploads (migrated),1080x1080,109715,Kraft Medium Burger Sleeve,"site-supplied, no third-party marks detected",permanent,none detected,retained
TBS-024,Medium Burger Sleeves,/product/medium-burger-sleeves/,gallery 2,Medium-Burger-Sleeve-Packaging.jpg,src/assets/images/Medium-Burger-Sleeve-Packaging.jpg,WordPress wp-content/uploads (migrated),1080x1080,80825,Medium Burger Sleeve Packaging,"site-supplied, no third-party marks detected",permanent,none detected,retained
TBS-025,Large Burger Sleeves,/product/large-burger-sleeves/,main,Cardboard-Large-Burger-Sleeve.jpg,src/assets/images/Cardboard-Large-Burger-Sleeve.jpg,WordPress wp-content/uploads (migrated),1080x1080,132014,Cardboard Large Burger Sleeve,"site-supplied, no third-party marks detected",permanent,none detected,retained
TBS-025,Large Burger Sleeves,/product/large-burger-sleeves/,gallery 1,Jumbo-Large-Burger-Sleeve.jpg,src/assets/images/Jumbo-Large-Burger-Sleeve.jpg,WordPress wp-content/uploads (migrated),1080x1080,90395,Jumbo Large Burger Sleeve,"site-supplied, no third-party marks detected",permanent,none detected,retained
TBS-025,Large Burger Sleeves,/product/large-burger-sleeves/,gallery 2,Large-Burger-Sleeve-With-Logo.jpg,src/assets/images/Large-Burger-Sleeve-With-Logo.jpg,WordPress wp-content/uploads (migrated),1080x1080,60079,Large Burger Sleeve With Logo,"site-supplied, no third-party marks detected",permanent,none detected,retained
TBS-025,Large Burger Sleeves,/product/large-burger-sleeves/,gallery 3,Thick-Large-Burger-Sleeve.jpg,src/assets/images/Thick-Large-Burger-Sleeve.jpg,WordPress wp-content/uploads (migrated),1080x1080,73149,Thick Large Burger Sleeve,"site-supplied, no third-party marks detected",permanent,none detected,retained
TBS-026,Jumbo Burger Sleeves,/product/jumbo-burger-sleeves/,main,Custom-Jumbo-Burger-Sleeves.jpg,src/assets/images/Custom-Jumbo-Burger-Sleeves.jpg,WordPress wp-content/uploads (migrated),1080x1080,88425,Custom Jumbo Burger Sleeves,"site-supplied, no third-party marks detected",permanent,none detected,retained
TBS-026,Jumbo Burger Sleeves,/product/jumbo-burger-sleeves/,gallery 1,Jumbo-Burger-Sleeves-Packaging.jpg,src/assets/images/Jumbo-Burger-Sleeves-Packaging.jpg,WordPress wp-content/uploads (migrated),1080x1080,39775,Jumbo Burger Sleeves Packaging,"site-supplied, no third-party marks detected",permanent,none detected,retained
TBS-026,Jumbo Burger Sleeves,/product/jumbo-burger-sleeves/,gallery 2,Custom-Jumbo-Burger-Sleeves-Packaging.jpg,src/assets/images/Custom-Jumbo-Burger-Sleeves-Packaging.jpg,WordPress wp-content/uploads (migrated),1080x1080,50163,Custom Jumbo Burger Sleeves Packaging,"site-supplied, no third-party marks detected",permanent,none detected,retained
TBS-026,Jumbo Burger Sleeves,/product/jumbo-burger-sleeves/,gallery 3,Jumbo-Burger-Sleeves-Wholesale.jpg,src/assets/images/Jumbo-Burger-Sleeves-Wholesale.jpg,WordPress wp-content/uploads (migrated),1080x1080,60145,Jumbo Burger Sleeves Wholesale,"site-supplied, no third-party marks detected",permanent,none detected,retained
TBS-027,Slider Burger Sleeves,/product/slider-burger-sleeves/,main,Bite-Size-Slider-Burger-Sleeve.jpg,src/assets/images/Bite-Size-Slider-Burger-Sleeve.jpg,WordPress wp-content/uploads (migrated),1080x1080,119354,Bite Size Slider Burger Sleeve,"site-supplied, no third-party marks detected",permanent,none detected,retained
TBS-027,Slider Burger Sleeves,/product/slider-burger-sleeves/,gallery 1,Multi-Colored-Burger-Sleeves.jpg,src/assets/images/Multi-Colored-Burger-Sleeves.jpg,WordPress wp-content/uploads (migrated),1080x1080,91478,Multi Colored Burger Sleeves,"site-supplied, no third-party marks detected",permanent,none detected,retained
TBS-028,Double Patty Burger Sleeves,/product/double-patty-burger-sleeves/,main,Heat-Resistant-Patty-Burger-Sleeves.jpg,src/assets/images/Heat-Resistant-Patty-Burger-Sleeves.jpg,WordPress wp-content/uploads (migrated),1080x1080,481945,Heat Resistant Patty Burger Sleeves,"site-supplied, no third-party marks detected",permanent,none detected,retained
TBS-028,Double Patty Burger Sleeves,/product/double-patty-burger-sleeves/,gallery 1,Custom-Double-Patty-Burger-Sleeve.jpg,src/assets/images/Custom-Double-Patty-Burger-Sleeve.jpg,WordPress wp-content/uploads (migrated),1080x1080,367415,Custom Double Patty Burger Sleeve,"site-supplied, no third-party marks detected",permanent,none detected,retained
TBS-028,Double Patty Burger Sleeves,/product/double-patty-burger-sleeves/,gallery 2,Double-Patty-Burger-Sleeves-Packaging.jpg,src/assets/images/Double-Patty-Burger-Sleeves-Packaging.jpg,WordPress wp-content/uploads (migrated),1080x1080,181168,Double Patty Burger Sleeves Packaging,"site-supplied, no third-party marks detected",permanent,none detected,retained
TBS-028,Double Patty Burger Sleeves,/product/double-patty-burger-sleeves/,gallery 3,Paper-Double-Patty-Burger-Sleeves.jpg,src/assets/images/Paper-Double-Patty-Burger-Sleeves.jpg,WordPress wp-content/uploads (migrated),1080x1080,259156,Paper Double Patty Burger Sleeves,"site-supplied, no third-party marks detected",permanent,none detected,retained
TBS-029,Kraft Brown Burger Sleeves,/product/kraft-brown-burger-sleeves/,main,Natural-Kraft-Brown-Burger-Sleeve.jpg,src/assets/images/Natural-Kraft-Brown-Burger-Sleeve.jpg,WordPress wp-content/uploads (migrated),1080x1080,49681,Natural Kraft Brown Burger Sleeve,"site-supplied, no third-party marks detected",permanent,none detected,retained
TBS-030,White Burger Sleeves,/product/white-burger-sleeves/,main,White-Burger-Sleeve.jpg,src/assets/images/White-Burger-Sleeve.jpg,WordPress wp-content/uploads (migrated),1080x1080,59801,White Burger Sleeve,"site-supplied, no third-party marks detected",permanent,none detected,retained
TBS-031,Black Burger Sleeves,/product/black-burger-sleeves/,main,Premium-Black-Burger-Sleeve.jpg,src/assets/images/Premium-Black-Burger-Sleeve.jpg,WordPress wp-content/uploads (migrated),1080x1080,302640,Premium Black Burger Sleeve,"site-supplied, no third-party marks detected",permanent,none detected,retained
TBS-031,Black Burger Sleeves,/product/black-burger-sleeves/,gallery 1,Black-Burger-Sleeves-Packaging.jpg,src/assets/images/Black-Burger-Sleeves-Packaging.jpg,WordPress wp-content/uploads (migrated),1080x1080,263030,Black Burger Sleeves Packaging,"site-supplied, no third-party marks detected",permanent,none detected,retained
TBS-031,Black Burger Sleeves,/product/black-burger-sleeves/,gallery 2,Black-Kraft-Burger-Sleeve.jpg,src/assets/images/Black-Kraft-Burger-Sleeve.jpg,WordPress wp-content/uploads (migrated),1080x1080,272005,Black Kraft Burger Sleeve,"site-supplied, no third-party marks detected",permanent,none detected,retained
TBS-031,Black Burger Sleeves,/product/black-burger-sleeves/,gallery 3,Custom-Printed-Black-Burger-Sleeve.jpg,src/assets/images/Custom-Printed-Black-Burger-Sleeve.jpg,WordPress wp-content/uploads (migrated),1080x1080,298089,Custom Printed Black Burger Sleeve,"site-supplied, no third-party marks detected",permanent,none detected,retained
TBS-031,Black Burger Sleeves,/product/black-burger-sleeves/,gallery 4,Glossy-Black-Burger-Sleeve.jpg,src/assets/images/Glossy-Black-Burger-Sleeve.jpg,WordPress wp-content/uploads (migrated),1080x1080,356296,Glossy Black Burger Sleeve,"site-supplied, no third-party marks detected",permanent,none detected,retained
TBS-032,Matte Finish Burger Sleeves,/product/matte-finish-burger-sleeves/,main,Black-Matte-Burger-Sleeve.jpg,src/assets/images/Black-Matte-Burger-Sleeve.jpg,WordPress wp-content/uploads (migrated),1080x1080,44740,Black Matte Burger Sleeve,"site-supplied, no third-party marks detected",permanent,none detected,retained
TBS-032,Matte Finish Burger Sleeves,/product/matte-finish-burger-sleeves/,gallery 1,Custom-Burger-Sleeve.jpg,src/assets/images/Custom-Burger-Sleeve.jpg,WordPress wp-content/uploads (migrated),1080x1080,46003,Custom Burger Sleeve,"site-supplied, no third-party marks detected",permanent,none detected,retained
TBS-032,Matte Finish Burger Sleeves,/product/matte-finish-burger-sleeves/,gallery 2,Printed-Matte-Finish-Burger-Sleeves.jpg,src/assets/images/Printed-Matte-Finish-Burger-Sleeves.jpg,WordPress wp-content/uploads (migrated),1080x1080,77291,Printed Matte Finish Burger Sleeves,"site-supplied, no third-party marks detected",permanent,none detected,retained
TBS-032,Matte Finish Burger Sleeves,/product/matte-finish-burger-sleeves/,gallery 3,Textured-Matte-Burger-Sleeve.jpg,src/assets/images/Textured-Matte-Burger-Sleeve.jpg,WordPress wp-content/uploads (migrated),1080x1080,164302,Textured Matte Burger Sleeve,"site-supplied, no third-party marks detected",permanent,none detected,retained
TBS-033,Gloss Finish Burger Sleeves,/product/gloss-finish-burger-sleeves/,main,Colored-Gloss-Burger-Sleeve.jpg,src/assets/images/Colored-Gloss-Burger-Sleeve.jpg,WordPress wp-content/uploads (migrated),1080x1080,61235,Colored Gloss Burger Sleeve,"site-supplied, no third-party marks detected",permanent,none detected,retained
TBS-033,Gloss Finish Burger Sleeves,/product/gloss-finish-burger-sleeves/,gallery 1,Gloss-Kraft-Burger-Sleeve.jpg,src/assets/images/Gloss-Kraft-Burger-Sleeve.jpg,WordPress wp-content/uploads (migrated),1080x1080,70342,Gloss Kraft Burger Sleeve,"site-supplied, no third-party marks detected",permanent,none detected,retained
TBS-033,Gloss Finish Burger Sleeves,/product/gloss-finish-burger-sleeves/,gallery 2,Logo-Printed-Gloss-Burger-Sleeve.jpg,src/assets/images/Logo-Printed-Gloss-Burger-Sleeve.jpg,WordPress wp-content/uploads (migrated),1080x1080,76230,Logo Printed Gloss Burger Sleeve,"site-supplied, no third-party marks detected",permanent,none detected,retained
TBS-034,Die Cut Burger Sleeves,/product/die-cut-burger-sleeves/,main,Die-Cut-Kraft-Burger-Sleeve.jpg,src/assets/images/Die-Cut-Kraft-Burger-Sleeve.jpg,WordPress wp-content/uploads (migrated),1080x1080,464985,Die Cut Kraft Burger Sleeve,"site-supplied, no third-party marks detected",permanent,none detected,retained
TBS-034,Die Cut Burger Sleeves,/product/die-cut-burger-sleeves/,gallery 1,Custom-Shape-Die-Cut-Burger-Sleeve.jpg,src/assets/images/Custom-Shape-Die-Cut-Burger-Sleeve.jpg,WordPress wp-content/uploads (migrated),1080x1080,271934,Custom Shape Die Cut Burger Sleeve,"site-supplied, no third-party marks detected",permanent,none detected,retained
TBS-034,Die Cut Burger Sleeves,/product/die-cut-burger-sleeves/,gallery 2,Heat-Resistant-Die-Cut-Burger-Sleeve.jpg,src/assets/images/Heat-Resistant-Die-Cut-Burger-Sleeve.jpg,WordPress wp-content/uploads (migrated),1080x1080,655142,Heat Resistant Die Cut Burger Sleeve,"site-supplied, no third-party marks detected",permanent,none detected,retained
TBS-007,Burger Sleeves,/product/burger-sleeves/,main,Branded-Burger-Sleeve.jpg,src/assets/images/Branded-Burger-Sleeve.jpg,WordPress wp-content/uploads (migrated),1080x1080,312352,Branded Burger Sleeve,"site-supplied, no third-party marks detected",permanent,none detected,retained
TBS-007,Burger Sleeves,/product/burger-sleeves/,gallery 1,Burger-Sleeves-Packaging-1.jpg,src/assets/images/Burger-Sleeves-Packaging-1.jpg,WordPress wp-content/uploads (migrated),1080x1080,240396,Burger Sleeves Packaging,"site-supplied, no third-party marks detected",permanent,none detected,retained
TBS-007,Burger Sleeves,/product/burger-sleeves/,gallery 2,Custom-Burger-Sleeve-1.jpg,src/assets/images/Custom-Burger-Sleeve-1.jpg,WordPress wp-content/uploads (migrated),1080x1080,179250,Custom Burger Sleeve,"site-supplied, no third-party marks detected",permanent,none detected,retained
TBS-007,Burger Sleeves,/product/burger-sleeves/,gallery 3,Kraft-Burger-Sleeve.jpg,src/assets/images/Kraft-Burger-Sleeve.jpg,WordPress wp-content/uploads (migrated),1080x1080,193801,Kraft Burger Sleeve,"site-supplied, no third-party marks detected",permanent,none detected,retained
TBS-008,Hamburger Sleeves,/product/hamburger-sleeves/,main,Hamburger-Sleeve-Packaging.jpg,src/assets/images/Hamburger-Sleeve-Packaging.jpg,WordPress wp-content/uploads (migrated),1080x1080,42554,Hamburger Sleeve Packaging,"site-supplied, no third-party marks detected",permanent,none detected,retained
TBS-008,Hamburger Sleeves,/product/hamburger-sleeves/,gallery 1,Promotional-Hamburger-Sleeve.jpg,src/assets/images/Promotional-Hamburger-Sleeve.jpg,WordPress wp-content/uploads (migrated),1080x1080,71711,Promotional Hamburger Sleeve,"site-supplied, no third-party marks detected",permanent,none detected,retained
TBS-009,Cheeseburger Sleeves,/product/cheeseburger-sleeves/,main,Small-Cheeseburger-Sleeve.jpg,src/assets/images/Small-Cheeseburger-Sleeve.jpg,WordPress wp-content/uploads (migrated),1080x1080,597352,Small Cheeseburger Sleeve,"site-supplied, no third-party marks detected",permanent,none detected,retained
TBS-009,Cheeseburger Sleeves,/product/cheeseburger-sleeves/,gallery 1,Custom-Cheeseburger-Sleeves.jpg,src/assets/images/Custom-Cheeseburger-Sleeves.jpg,WordPress wp-content/uploads (migrated),1080x1080,831057,Custom Burger Sleeves,"site-supplied, no third-party marks detected",permanent,none detected,retained
TBS-009,Cheeseburger Sleeves,/product/cheeseburger-sleeves/,gallery 2,Custom-Printed-Cheeseburger-Sleeve.jpg,src/assets/images/Custom-Printed-Cheeseburger-Sleeve.jpg,WordPress wp-content/uploads (migrated),1080x1080,459398,Custom Printed Cheeseburger Sleeve,"site-supplied, no third-party marks detected",permanent,none detected,retained
TBS-009,Cheeseburger Sleeves,/product/cheeseburger-sleeves/,gallery 3,Kraft-Cheeseburger-Sleeve.jpg,src/assets/images/Kraft-Cheeseburger-Sleeve.jpg,WordPress wp-content/uploads (migrated),1080x1080,539389,Kraft Cheeseburger Sleeve,"site-supplied, no third-party marks detected",permanent,none detected,retained
TBS-010,Fast Food Burger Sleeves,/product/fast-food-burger-sleeves/,main,Double-Patty-Fast-Food-Burger-Sleeve.jpg,src/assets/images/Double-Patty-Fast-Food-Burger-Sleeve.jpg,WordPress wp-content/uploads (migrated),1080x1080,255241,Double Patty Fast Food Burger Sleeve,"site-supplied, no third-party marks detected",permanent,none detected,retained
TBS-010,Fast Food Burger Sleeves,/product/fast-food-burger-sleeves/,gallery 1,Event-Fast-Food-Burger-Sleeve.jpg,src/assets/images/Event-Fast-Food-Burger-Sleeve.jpg,WordPress wp-content/uploads (migrated),1080x1080,368691,Event Fast Food Burger Sleeve,"site-supplied, no third-party marks detected",permanent,none detected,retained
TBS-010,Fast Food Burger Sleeves,/product/fast-food-burger-sleeves/,gallery 2,Food-Court-Fast-Food-Burger-Sleeves.jpg,src/assets/images/Food-Court-Fast-Food-Burger-Sleeves.jpg,WordPress wp-content/uploads (migrated),1080x1080,210228,Food Court Fast Food Burger Sleeves,"site-supplied, no third-party marks detected",permanent,none detected,retained
TBS-010,Fast Food Burger Sleeves,/product/fast-food-burger-sleeves/,gallery 3,Premium-Fast-Food-Burger-Sleeves.jpg,src/assets/images/Premium-Fast-Food-Burger-Sleeves.jpg,WordPress wp-content/uploads (migrated),1080x1080,310924,Premium Fast Food Burger Sleeves,"site-supplied, no third-party marks detected",permanent,none detected,retained
TBS-010,Fast Food Burger Sleeves,/product/fast-food-burger-sleeves/,gallery 4,Street-Fast-Food-Burger-Sleeve.jpg,src/assets/images/Street-Fast-Food-Burger-Sleeve.jpg,WordPress wp-content/uploads (migrated),1080x1080,574157,Street Fast Food Burger Sleeve,"site-supplied, no third-party marks detected",permanent,none detected,retained
TBS-011,Takeaway Burger Sleeves,/product/takeaway-burger-sleeves/,main,Takeaway-Burger-Packaging.jpg,src/assets/images/Takeaway-Burger-Packaging.jpg,WordPress wp-content/uploads (migrated),1080x1080,43029,Takeaway Burger Packaging,"site-supplied, no third-party marks detected",permanent,none detected,retained
TBS-011,Takeaway Burger Sleeves,/product/takeaway-burger-sleeves/,gallery 1,Takeaway-Burger-Sleeves-Wholesale.jpg,src/assets/images/Takeaway-Burger-Sleeves-Wholesale.jpg,WordPress wp-content/uploads (migrated),1080x1080,58503,Takeaway Burger Sleeves Wholesale,"site-supplied, no third-party marks detected",permanent,none detected,retained
TBS-012,Disposable Burger Sleeves,/product/disposable-burger-sleeves/,main,Artwork-Preview-Coming-Soon.jpg,src/assets/images/Artwork-Preview-Coming-Soon.jpg,generated for this project (scripts/media-audit.mjs),1080x1080,65504,Artwork preview coming soon,owned — generated in-project,TEMPORARY placeholder,none detected,Placeholder shown until real photography is supplied
TBS-013,Grease Resistant Burger Sleeves,/product/grease-resistant-burger-sleeves/,main,Custom-Grease-Resistant-Burger-Sleeves.jpg,src/assets/images/Custom-Grease-Resistant-Burger-Sleeves.jpg,WordPress wp-content/uploads (migrated),1080x1080,49595,Custom Grease Resistant Burger Sleeves,"site-supplied, no third-party marks detected",permanent,none detected,retained
TBS-013,Grease Resistant Burger Sleeves,/product/grease-resistant-burger-sleeves/,gallery 1,Grease-Resistant-Burger-Packaging.jpg,src/assets/images/Grease-Resistant-Burger-Packaging.jpg,WordPress wp-content/uploads (migrated),1080x1080,52799,Grease Resistant Burger Packaging,"site-supplied, no third-party marks detected",permanent,none detected,retained
TBS-013,Grease Resistant Burger Sleeves,/product/grease-resistant-burger-sleeves/,gallery 2,Grease-Resistant-Burger-Sleeves-Wholesale.jpg,src/assets/images/Grease-Resistant-Burger-Sleeves-Wholesale.jpg,WordPress wp-content/uploads (migrated),1080x1080,98821,Grease Resistant Burger Sleeves Wholesale,"site-supplied, no third-party marks detected",permanent,none detected,retained
TBS-014,Food Grade Burger Sleeves,/product/food-grade-burger-sleeves/,main,Food-Grade-Hamburger-Sleeves.jpg,src/assets/images/Food-Grade-Hamburger-Sleeves.jpg,WordPress wp-content/uploads (migrated),1080x1080,48461,Burger Sleeves Usage,"site-supplied, no third-party marks detected",permanent,none detected,retained
TBS-015,Custom Burger Sleeves,/product/custom-burger-sleeves/,main,Custom-Cheeseburger-Sleeves.jpg,src/assets/images/Custom-Cheeseburger-Sleeves.jpg,WordPress wp-content/uploads (migrated),1080x1080,831057,Custom Burger Sleeves,"site-supplied, no third-party marks detected",permanent,none detected,retained
TBS-016,Printed Burger Sleeves,/product/printed-burger-sleeves/,main,Artwork-Preview-Coming-Soon.jpg,src/assets/images/Artwork-Preview-Coming-Soon.jpg,generated for this project (scripts/media-audit.mjs),1080x1080,65504,Artwork preview coming soon,owned — generated in-project,TEMPORARY placeholder,none detected,Placeholder shown until real photography is supplied
TBS-017,Branded Burger Sleeves,/product/branded-burger-sleeves/,main,Artwork-Preview-Coming-Soon.jpg,src/assets/images/Artwork-Preview-Coming-Soon.jpg,generated for this project (scripts/media-audit.mjs),1080x1080,65504,Artwork preview coming soon,owned — generated in-project,TEMPORARY placeholder,none detected,Placeholder shown until real photography is supplied
TBS-018,Logo Printed Burger Sleeves,/product/logo-printed-burger-sleeves/,main,Logo-Printed-Burger-Sandwich-Sleeves.jpg,src/assets/images/Logo-Printed-Burger-Sandwich-Sleeves.jpg,WordPress wp-content/uploads (migrated),1080x1080,477188,Logo Printed Burger Sleeves,"site-supplied, no third-party marks detected",permanent,none detected,retained
TBS-019,Full Color Burger Sleeves,/product/full-color-burger-sleeves/,main,Full-Color-Burger-Sleeves.jpg,src/assets/images/Full-Color-Burger-Sleeves.jpg,WordPress wp-content/uploads (migrated),1080x1080,71632,Full Color Burger Sleeves,"site-supplied, no third-party marks detected",permanent,none detected,retained
TBS-019,Full Color Burger Sleeves,/product/full-color-burger-sleeves/,gallery 1,Custom-Full-Color-Burger-Sleeves.jpg,src/assets/images/Custom-Full-Color-Burger-Sleeves.jpg,WordPress wp-content/uploads (migrated),1080x1080,65275,Custom Full Color Burger Sleeves,"site-supplied, no third-party marks detected",permanent,none detected,retained
TBS-019,Full Color Burger Sleeves,/product/full-color-burger-sleeves/,gallery 2,Full-Color-Burger-Packaging.jpg,src/assets/images/Full-Color-Burger-Packaging.jpg,WordPress wp-content/uploads (migrated),1080x1080,73894,Full Color Burger Packaging,"site-supplied, no third-party marks detected",permanent,none detected,retained
TBS-019,Full Color Burger Sleeves,/product/full-color-burger-sleeves/,gallery 3,Custom-Full-Color-Burger-Packaging.jpg,src/assets/images/Custom-Full-Color-Burger-Packaging.jpg,WordPress wp-content/uploads (migrated),1080x1080,78478,Custom Full Color Burger Packaging,"site-supplied, no third-party marks detected",permanent,none detected,retained
TBS-019,Full Color Burger Sleeves,/product/full-color-burger-sleeves/,gallery 4,Full-Color-Burger-Sleeves-Wholesale.jpg,src/assets/images/Full-Color-Burger-Sleeves-Wholesale.jpg,WordPress wp-content/uploads (migrated),1080x1080,43843,Full Color Burger Sleeves Wholesale,"site-supplied, no third-party marks detected",permanent,none detected,retained
TBS-020,Black Printed Burger Sleeves,/product/black-printed-burger-sleeves/,main,Artwork-Preview-Coming-Soon.jpg,src/assets/images/Artwork-Preview-Coming-Soon.jpg,generated for this project (scripts/media-audit.mjs),1080x1080,65504,Artwork preview coming soon,owned — generated in-project,TEMPORARY placeholder,none detected,Placeholder shown until real photography is supplied
TBS-021,White Printed Burger Sleeves,/product/white-printed-burger-sleeves/,main,White-Printed-Burger-Sleeves.jpg,src/assets/images/White-Printed-Burger-Sleeves.jpg,WordPress wp-content/uploads (migrated),1080x1080,56996,White Printed Burger Sleeves,"site-supplied, no third-party marks detected",permanent,none detected,retained
TBS-021,White Printed Burger Sleeves,/product/white-printed-burger-sleeves/,gallery 1,Custom-White-Printed-Burger-Sleeves.jpg,src/assets/images/Custom-White-Printed-Burger-Sleeves.jpg,WordPress wp-content/uploads (migrated),1080x1080,113259,Custom White Printed Burger Sleeves,"site-supplied, no third-party marks detected",permanent,none detected,retained
TBS-021,White Printed Burger Sleeves,/product/white-printed-burger-sleeves/,gallery 2,White-Printed-Burger-Packaging.jpg,src/assets/images/White-Printed-Burger-Packaging.jpg,WordPress wp-content/uploads (migrated),1080x1080,40519,White Printed Burger Packaging,"site-supplied, no third-party marks detected",permanent,none detected,retained
TBS-021,White Printed Burger Sleeves,/product/white-printed-burger-sleeves/,gallery 3,Custom-White-Printed-Burger-Packaging.jpg,src/assets/images/Custom-White-Printed-Burger-Packaging.jpg,WordPress wp-content/uploads (migrated),1080x1080,46250,Custom White Printed Burger Packaging,"site-supplied, no third-party marks detected",permanent,none detected,retained
TBS-021,White Printed Burger Sleeves,/product/white-printed-burger-sleeves/,gallery 4,White-Printed-Burger-Sleeves-Wholesale.jpg,src/assets/images/White-Printed-Burger-Sleeves-Wholesale.jpg,WordPress wp-content/uploads (migrated),1080x1080,71537,White Printed Burger Sleeves Wholesale,"site-supplied, no third-party marks detected",permanent,none detected,retained
TBS-022,Minimal Design Burger Sleeves,/product/minimal-design-burger-sleeves/,main,Minimal-Design-Burger-Sleeves-Packaging.jpg,src/assets/images/Minimal-Design-Burger-Sleeves-Packaging.jpg,WordPress wp-content/uploads (migrated),1080x1080,69746,Burger Sleeves Combo,"site-supplied, no third-party marks detected",permanent,none detected,retained
TBS-022,Minimal Design Burger Sleeves,/product/minimal-design-burger-sleeves/,gallery 1,Minimal-Design-Burger-Sleeve-For-Restaurants.jpg,src/assets/images/Minimal-Design-Burger-Sleeve-For-Restaurants.jpg,WordPress wp-content/uploads (migrated),1080x1080,69080,Minimal Design Burger Sleeve For Restaurants,"site-supplied, no third-party marks detected",permanent,none detected,retained
TBS-022,Minimal Design Burger Sleeves,/product/minimal-design-burger-sleeves/,gallery 2,Paper-Minimal-Design-Burger-Sleeve.jpg,src/assets/images/Paper-Minimal-Design-Burger-Sleeve.jpg,WordPress wp-content/uploads (migrated),1080x1080,44529,Paper Minimal Design Burger Sleeve,"site-supplied, no third-party marks detected",permanent,none detected,retained
TBS-035,Restaurant Burger Sleeves,/product/restaurant-burger-sleeves/,main,Fast-Food-Restaurant-Burger-Sleeves.jpg,src/assets/images/Fast-Food-Restaurant-Burger-Sleeves.jpg,WordPress wp-content/uploads (migrated),1080x1080,137485,Burger Sleeves Styles,"site-supplied, no third-party marks detected",permanent,none detected,retained
TBS-035,Restaurant Burger Sleeves,/product/restaurant-burger-sleeves/,gallery 1,Paper-Restaurant-Burger-Sleeves.jpg,src/assets/images/Paper-Restaurant-Burger-Sleeves.jpg,WordPress wp-content/uploads (migrated),1080x1080,97254,Paper Restaurant Burger Sleeves,"site-supplied, no third-party marks detected",permanent,none detected,retained
TBS-036,Food Truck Burger Sleeves,/product/food-truck-burger-sleeves/,main,Food-Truck-Burger-Sleeve.jpg,src/assets/images/Food-Truck-Burger-Sleeve.jpg,WordPress wp-content/uploads (migrated),1080x1080,61386,Food Truck Burger Sleeve,"site-supplied, no third-party marks detected",permanent,none detected,retained
TBS-036,Food Truck Burger Sleeves,/product/food-truck-burger-sleeves/,gallery 1,Food-Truck-Burger-Sleeve-Packaging.jpg,src/assets/images/Food-Truck-Burger-Sleeve-Packaging.jpg,WordPress wp-content/uploads (migrated),1080x1080,70026,Food Truck Burger Sleeve Packaging,"site-supplied, no third-party marks detected",permanent,none detected,retained
TBS-036,Food Truck Burger Sleeves,/product/food-truck-burger-sleeves/,gallery 2,Food-Truck-Burger-Sleeves-For-Events.jpg,src/assets/images/Food-Truck-Burger-Sleeves-For-Events.jpg,WordPress wp-content/uploads (migrated),1080x1080,45978,Food Truck Burger Sleeves For Events,"site-supplied, no third-party marks detected",permanent,none detected,retained
TBS-036,Food Truck Burger Sleeves,/product/food-truck-burger-sleeves/,gallery 3,Premium-Food-Truck-Burger-Sleeve.jpg,src/assets/images/Premium-Food-Truck-Burger-Sleeve.jpg,WordPress wp-content/uploads (migrated),1080x1080,135252,Premium Food Truck Burger Sleeve,"site-supplied, no third-party marks detected",permanent,none detected,retained
TBS-036,Food Truck Burger Sleeves,/product/food-truck-burger-sleeves/,gallery 4,Street-Food-Truck-Burger-Sleeve.jpg,src/assets/images/Street-Food-Truck-Burger-Sleeve.jpg,WordPress wp-content/uploads (migrated),1080x1080,112962,Street Food Truck Burger Sleeve,"site-supplied, no third-party marks detected",permanent,none detected,retained
TBS-037,Cafe Burger Sleeves,/product/cafe-burger-sleeves/,main,Matte-Cafe-Burger-Sleeve.jpg,src/assets/images/Matte-Cafe-Burger-Sleeve.jpg,WordPress wp-content/uploads (migrated),1080x1080,416882,Matte Cafe Burger Sleeve,"site-supplied, no third-party marks detected",permanent,none detected,retained
TBS-037,Cafe Burger Sleeves,/product/cafe-burger-sleeves/,gallery 1,Cafe-Burger-Sleeve-With-Logo.jpg,src/assets/images/Cafe-Burger-Sleeve-With-Logo.jpg,WordPress wp-content/uploads (migrated),1080x1080,392066,Cafe Burger Sleeve With Logo,"site-supplied, no third-party marks detected",permanent,none detected,retained
TBS-037,Cafe Burger Sleeves,/product/cafe-burger-sleeves/,gallery 2,Custom-Printed-Cafe-Burger-Sleeve.jpg,src/assets/images/Custom-Printed-Cafe-Burger-Sleeve.jpg,WordPress wp-content/uploads (migrated),1080x1080,365880,Custom Printed Cafe Burger Sleeve,"site-supplied, no third-party marks detected",permanent,none detected,retained
TBS-037,Cafe Burger Sleeves,/product/cafe-burger-sleeves/,gallery 3,Eco-Friendly-Cafe-Burger-Sleeve.jpg,src/assets/images/Eco-Friendly-Cafe-Burger-Sleeve.jpg,WordPress wp-content/uploads (migrated),1080x1080,368421,Burger sleeve served at a cafe table,"site-supplied, no third-party marks detected",permanent,none detected,retained
TBS-037,Cafe Burger Sleeves,/product/cafe-burger-sleeves/,gallery 4,Heat-Resistant-Cafe-Burger-Sleeve.jpg,src/assets/images/Heat-Resistant-Cafe-Burger-Sleeve.jpg,WordPress wp-content/uploads (migrated),1080x1080,381908,Heat Resistant Cafe Burger Sleeve,"site-supplied, no third-party marks detected",permanent,none detected,retained
TBS-038,Street Food Burger Sleeves,/product/street-food-burger-sleeves/,main,Festival-Street-Food-Burger-Sleeve.jpg,src/assets/images/Festival-Street-Food-Burger-Sleeve.jpg,WordPress wp-content/uploads (migrated),1080x1080,52610,Festival Street Food Burger Sleeve,"site-supplied, no third-party marks detected",permanent,none detected,retained
TBS-038,Street Food Burger Sleeves,/product/street-food-burger-sleeves/,gallery 1,Premium-Street-Food-Burger-Sleeve.jpg,src/assets/images/Premium-Street-Food-Burger-Sleeve.jpg,WordPress wp-content/uploads (migrated),1080x1080,131634,Premium Street Food Burger Sleeve,"site-supplied, no third-party marks detected",permanent,none detected,retained
TBS-038,Street Food Burger Sleeves,/product/street-food-burger-sleeves/,gallery 2,Printed-Street-Food-Burger-Sleeve.jpg,src/assets/images/Printed-Street-Food-Burger-Sleeve.jpg,WordPress wp-content/uploads (migrated),1080x1080,108016,Printed Street Food Burger Sleeve,"site-supplied, no third-party marks detected",permanent,none detected,retained
TBS-039,Promotional Burger Sleeves,/product/promotional-burger-sleeves/,main,Seasonal-Promotional-Burger-Sleeves.jpg,src/assets/images/Seasonal-Promotional-Burger-Sleeves.jpg,WordPress wp-content/uploads (migrated),1080x1080,80558,Seasonal Promotional Burger Sleeves,"site-supplied, no third-party marks detected",permanent,none detected,retained
TBS-039,Promotional Burger Sleeves,/product/promotional-burger-sleeves/,gallery 1,Promotional-Burger-Sleeve-For-Festivals.jpg,src/assets/images/Promotional-Burger-Sleeve-For-Festivals.jpg,WordPress wp-content/uploads (migrated),1080x1080,66797,Promotional Burger Sleeve For Festivals,"site-supplied, no third-party marks detected",permanent,none detected,retained
TBS-040,Event Burger Sleeves,/product/event-burger-sleeves/,main,Event-Burger-Sleeve.jpg,src/assets/images/Event-Burger-Sleeve.jpg,WordPress wp-content/uploads (migrated),1080x1080,463488,Event Burger Sleeve,"site-supplied, no third-party marks detected",permanent,none detected,retained
TBS-040,Event Burger Sleeves,/product/event-burger-sleeves/,gallery 1,Logo-Printed-Event-Burger-Sleeve.jpg,src/assets/images/Logo-Printed-Event-Burger-Sleeve.jpg,WordPress wp-content/uploads (migrated),1080x1080,334222,Logo Printed Event Burger Sleeve,"site-supplied, no third-party marks detected",permanent,none detected,retained
TBS-040,Event Burger Sleeves,/product/event-burger-sleeves/,gallery 2,Paper-Event-Burger-Sleeve.jpg,src/assets/images/Paper-Event-Burger-Sleeve.jpg,WordPress wp-content/uploads (migrated),1080x1080,199420,Paper Event Burger Sleeve,"site-supplied, no third-party marks detected",permanent,none detected,retained
TBS-040,Event Burger Sleeves,/product/event-burger-sleeves/,gallery 3,Recyclable-Event-Burger-Sleeve.jpg,src/assets/images/Recyclable-Event-Burger-Sleeve.jpg,WordPress wp-content/uploads (migrated),1080x1080,242502,Printed burger sleeve at an event serving station,"site-supplied, no third-party marks detected",permanent,none detected,retained
