live_url,live_status,new_path,new_status,action,in_new_sitemap,notes
https://theburgersleeves.com/about-us/,200,/about-us/,200,unchanged (200),yes,
https://theburgersleeves.com/brand/the-burger-sleeves/,200,/brand/the-burger-sleeves/,200,unchanged (200),yes,
https://theburgersleeves.com/contact-us/,200,/contact-us/,200,unchanged (200),yes,
https://theburgersleeves.com/get-free-quote/,200,/get-free-quote/,200,unchanged (200),yes,
https://theburgersleeves.com/,200,/,200,unchanged (200),yes,
https://theburgersleeves.com/privacy-policy/,200,/privacy-policy/,200,unchanged (200),yes,
https://theburgersleeves.com/product-category/burger-sleeves-combo/,200,/product-category/burger-sleeves-combo/,200,unchanged (200),yes,
https://theburgersleeves.com/product-category/burger-sleeves-materials/,200,/product-category/burger-sleeves-materials/,200,unchanged (200),yes,
https://theburgersleeves.com/product-category/burger-sleeves-sizes/,200,/product-category/burger-sleeves-sizes/,200,unchanged (200),yes,
https://theburgersleeves.com/product-category/burger-sleeves-styles/,200,/product-category/burger-sleeves-styles/,200,unchanged (200),yes,
https://theburgersleeves.com/product-category/burger-sleeves-usage/,200,/product-category/burger-sleeves-usage/,200,unchanged (200),yes,
https://theburgersleeves.com/product-category/customized-burger-sleeves/,200,/product-category/customized-burger-sleeves/,200,unchanged (200),yes,
https://theburgersleeves.com/product-category/special-sleeves-uses/,200,/product-category/special-sleeves-uses/,200,unchanged (200),yes,
https://theburgersleeves.com/product/black-burger-sleeves/,200,/product/black-burger-sleeves/,200,unchanged (200),yes,
https://theburgersleeves.com/product/black-printed-burger-sleeves/,200,/product/black-printed-burger-sleeves/,200,unchanged (200),yes,
https://theburgersleeves.com/product/branded-burger-sleeves/,200,/product/branded-burger-sleeves/,200,unchanged (200),yes,
https://theburgersleeves.com/product/burger-and-fries-sleeves/,200,/product/burger-and-fries-sleeves/,200,unchanged (200),yes,
https://theburgersleeves.com/product/burger-sandwich-sleeves/,200,/product/burger-sandwich-sleeves/,200,unchanged (200),yes,
https://theburgersleeves.com/product/burger-sleeves/,200,/product/burger-sleeves/,200,unchanged (200),yes,
https://theburgersleeves.com/product/burger-wrapping-sleeves/,200,/product/burger-wrapping-sleeves/,200,unchanged (200),yes,
https://theburgersleeves.com/product/cafe-burger-sleeves/,200,/product/cafe-burger-sleeves/,200,unchanged (200),yes,
https://theburgersleeves.com/product/cardboard-burger-sleeves/,200,/product/cardboard-burger-sleeves/,200,unchanged (200),yes,
https://theburgersleeves.com/product/cheeseburger-sleeves/,200,/product/cheeseburger-sleeves/,200,unchanged (200),yes,
https://theburgersleeves.com/product/corrugated-burger-sleeves/,200,/product/corrugated-burger-sleeves/,200,unchanged (200),yes,
https://theburgersleeves.com/product/custom-burger-sleeves/,200,/product/custom-burger-sleeves/,200,unchanged (200),yes,
https://theburgersleeves.com/product/die-cut-burger-sleeves/,200,/product/die-cut-burger-sleeves/,200,unchanged (200),yes,
https://theburgersleeves.com/product/disposable-burger-sleeves/,200,/product/disposable-burger-sleeves/,200,unchanged (200),yes,
https://theburgersleeves.com/product/double-patty-burger-sleeves/,200,/product/double-patty-burger-sleeves/,200,unchanged (200),yes,
https://theburgersleeves.com/product/eco-friendly-burger-sleeves/,200,/product/eco-friendly-burger-sleeves/,200,unchanged (200),yes,
https://theburgersleeves.com/product/event-burger-sleeves/,200,/product/event-burger-sleeves/,200,unchanged (200),yes,
https://theburgersleeves.com/product/fast-food-burger-sleeves/,200,/product/fast-food-burger-sleeves/,200,unchanged (200),yes,
https://theburgersleeves.com/product/fast-food-sleeves-packaging/,200,/product/fast-food-sleeves-packaging/,200,unchanged (200),yes,
https://theburgersleeves.com/product/food-grade-burger-sleeves/,200,/product/food-grade-burger-sleeves/,200,unchanged (200),yes,
https://theburgersleeves.com/product/food-truck-burger-sleeves/,200,/product/food-truck-burger-sleeves/,200,unchanged (200),yes,
https://theburgersleeves.com/product/full-color-burger-sleeves/,200,/product/full-color-burger-sleeves/,200,unchanged (200),yes,
https://theburgersleeves.com/product/gloss-finish-burger-sleeves/,200,/product/gloss-finish-burger-sleeves/,200,unchanged (200),yes,
https://theburgersleeves.com/product/grease-resistant-burger-sleeves/,200,/product/grease-resistant-burger-sleeves/,200,unchanged (200),yes,
https://theburgersleeves.com/product/hamburger-sleeves/,200,/product/hamburger-sleeves/,200,unchanged (200),yes,
https://theburgersleeves.com/product/jumbo-burger-sleeves/,200,/product/jumbo-burger-sleeves/,200,unchanged (200),yes,
https://theburgersleeves.com/product/kraft-brown-burger-sleeves/,200,/product/kraft-brown-burger-sleeves/,200,unchanged (200),yes,
https://theburgersleeves.com/product/kraft-burger-sleeves/,200,/product/kraft-burger-sleeves/,200,unchanged (200),yes,
https://theburgersleeves.com/product/large-burger-sleeves/,200,/product/large-burger-sleeves/,200,unchanged (200),yes,
https://theburgersleeves.com/product/logo-printed-burger-sleeves/,200,/product/logo-printed-burger-sleeves/,200,unchanged (200),yes,
https://theburgersleeves.com/product/matte-finish-burger-sleeves/,200,/product/matte-finish-burger-sleeves/,200,unchanged (200),yes,
https://theburgersleeves.com/product/medium-burger-sleeves/,200,/product/medium-burger-sleeves/,200,unchanged (200),yes,
https://theburgersleeves.com/product/minimal-design-burger-sleeves/,200,/product/minimal-design-burger-sleeves/,200,unchanged (200),yes,
https://theburgersleeves.com/product/paper-burger-sleeves/,200,/product/paper-burger-sleeves/,200,unchanged (200),yes,
https://theburgersleeves.com/product/printed-burger-sleeves/,200,/product/printed-burger-sleeves/,200,unchanged (200),yes,
https://theburgersleeves.com/product/promotional-burger-sleeves/,200,/product/promotional-burger-sleeves/,200,unchanged (200),yes,
https://theburgersleeves.com/product/recycled-burger-sleeves/,200,/product/recycled-burger-sleeves/,200,unchanged (200),yes,
https://theburgersleeves.com/product/restaurant-burger-sleeves/,200,/product/restaurant-burger-sleeves/,200,unchanged (200),yes,
https://theburgersleeves.com/product/slider-burger-sleeves/,200,/product/slider-burger-sleeves/,200,unchanged (200),yes,
https://theburgersleeves.com/product/small-burger-sleeves/,200,/product/small-burger-sleeves/,200,unchanged (200),yes,
https://theburgersleeves.com/product/street-food-burger-sleeves/,200,/product/street-food-burger-sleeves/,200,unchanged (200),yes,
https://theburgersleeves.com/product/takeaway-burger-sleeves/,200,/product/takeaway-burger-sleeves/,200,unchanged (200),yes,
https://theburgersleeves.com/product/white-burger-sleeves/,200,/product/white-burger-sleeves/,200,unchanged (200),yes,
https://theburgersleeves.com/product/white-printed-burger-sleeves/,200,/product/white-printed-burger-sleeves/,200,unchanged (200),yes,
https://theburgersleeves.com/refund_returns/,200,/refund_returns/,200,unchanged (200),yes,
https://theburgersleeves.com/shipping-policy/,200,/shipping-policy/,200,unchanged (200),yes,
https://theburgersleeves.com/shop/,200,/shop/,200,unchanged (200),yes,
https://theburgersleeves.com/terms-and-conditions/,200,/terms-and-conditions/,200,unchanged (200),yes,
https://theburgersleeves.com/thank-you/,200,/thank-you/,200,unchanged (200),no,
https://theburgersleeves.com/shop/page/2/,200,/shop/page/2/,200,unchanged (200),no,"paginated archive: 200 on live, self-canonical, never listed in the Yoast sitemap"
https://theburgersleeves.com/shop/page/3/,200,/shop/page/3/,200,unchanged (200),no,"paginated archive: 200 on live, self-canonical, never listed in the Yoast sitemap"
https://theburgersleeves.com/brand/the-burger-sleeves/page/2/,200,/brand/the-burger-sleeves/page/2/,200,unchanged (200),no,"paginated archive: 200 on live, self-canonical, never listed in the Yoast sitemap"
https://theburgersleeves.com/brand/the-burger-sleeves/page/3/,200,/brand/the-burger-sleeves/page/3/,200,unchanged (200),no,"paginated archive: 200 on live, self-canonical, never listed in the Yoast sitemap"
https://theburgersleeves.com/cart/,200,,404,410-equivalent (404),no,"WooCommerce cart — noindex on live, no orders or payment gateway ever configured; retired, returns 404"
https://theburgersleeves.com/checkout/,200,,404,410-equivalent (404),no,"WooCommerce checkout — noindex on live, no payment gateway; retired, returns 404"
https://theburgersleeves.com/my-account/,200,,404,410-equivalent (404),no,"WooCommerce account — noindex on live, no customer accounts; retired, returns 404"
https://theburgersleeves.com/sitemap_index.xml,200,/sitemap.xml,301,301 redirect,no,Yoast sitemap index — 301 to /sitemap.xml
https://theburgersleeves.com/page-sitemap.xml,200,/sitemap.xml,301,301 redirect,no,Yoast child sitemap — 301 to /sitemap.xml
https://theburgersleeves.com/product-sitemap.xml,200,/sitemap.xml,301,301 redirect,no,Yoast child sitemap — 301 to /sitemap.xml
https://theburgersleeves.com/product_cat-sitemap.xml,200,/sitemap.xml,301,301 redirect,no,Yoast child sitemap — 301 to /sitemap.xml
https://theburgersleeves.com/product_brand-sitemap.xml,200,/sitemap.xml,301,301 redirect,no,Yoast child sitemap — 301 to /sitemap.xml
